unix_seconds,eur_mwh
1785276000,170.39
1785276900,158.08
1785277800,154.26
1785278700,144.3
1785279600,155.48
1785280500,150.5
1785281400,146.95
1785282300,140.87
1785283200,140.9
1785284100,138.32
1785285000,135.71
1785285900,133.9
1785286800,135.01
1785287700,135.15
1785288600,135.03
1785289500,134.82
1785290400,134.22
1785291300,138.11
1785292200,141.35
1785293100,147.63
1785294000,137.93
1785294900,142.48
1785295800,151.3
1785296700,162.33
1785297600,160.56
1785298500,171.28
1785299400,171.75
1785300300,170.7
1785301200,172.87
1785302100,170.7
1785303000,158.97
1785303900,141.84
1785304800,166.9
1785305700,151.19
1785306600,143.42
1785307500,123.18
1785308400,153.33
1785309300,124.78
1785310200,109.69
1785311100,100.64
1785312000,109.94
1785312900,101.6
1785313800,79.51
1785314700,50.1
1785315600,62.23
1785316500,32.8
1785317400,12.68
1785318300,8.43
1785319200,5.02
1785320100,0.0
1785321000,-0.01
1785321900,-0.06
1785322800,-0.01
1785323700,-0.01
1785324600,-0.05
1785325500,-0.1
1785326400,-0.04
1785327300,-0.04
1785328200,-0.01
1785329100,0.0
1785330000,0.0
1785330900,0.74
1785331800,6.01
1785332700,22.75
1785333600,24.99
1785334500,73.59
1785335400,97.26
1785336300,109.56
1785337200,100.3
1785338100,115.38
1785339000,134.72
1785339900,150.97
1785340800,127.72
1785341700,148.84
1785342600,170.2
1785343500,202.5
1785344400,172.69
1785345300,204.82
1785346200,247.71
1785347100,352.36
1785348000,251.36
1785348900,265.97
1785349800,275.9
1785350700,261.36
1785351600,254.43
1785352500,225.09
1785353400,217.3
1785354300,202.0
1785355200,206.99
1785356100,198.3
1785357000,190.39
1785357900,176.02
1785358800,179.05
1785359700,173.72
1785360600,170.38
1785361500,146.1
1785362400,162.16
1785363300,152.0
1785364200,142.66
1785365100,142.2
1785366000,144.05
1785366900,141.88
1785367800,145.61
1785368700,138.0
1785369600,143.0
1785370500,142.63
1785371400,137.99
1785372300,136.37
1785373200,135.94
1785374100,135.0
1785375000,134.66
1785375900,136.52
1785376800,132.03
1785377700,132.36
1785378600,132.96
1785379500,133.54
1785380400,133.51
1785381300,133.85
1785382200,139.53
1785383100,143.54
1785384000,143.34
1785384900,151.75
1785385800,150.6
1785386700,148.15
1785387600,166.47
1785388500,153.95
1785389400,142.6
1785390300,127.96
1785391200,163.38
1785392100,146.05
1785393000,131.04
1785393900,115.71
1785394800,139.67
1785395700,122.81
1785396600,110.54
1785397500,99.44
1785398400,109.01
1785399300,94.27
1785400200,80.88
1785401100,55.84
1785402000,70.3
1785402900,35.96
1785403800,19.81
1785404700,12.33
1785405600,8.97
1785406500,8.0
1785407400,4.5
1785408300,3.94
1785409200,4.56
1785410100,2.31
1785411000,1.38
1785411900,2.43
1785412800,4.18
1785413700,6.19
1785414600,16.36
1785415500,32.96
1785416400,40.04
1785417300,57.45
1785418200,69.11
1785419100,83.13
1785420000,73.54
1785420900,87.66
1785421800,106.5
1785422700,124.91
1785423600,105.84
1785424500,115.01
1785425400,131.76
1785426300,154.6
1785427200,130.34
1785428100,145.71
1785429000,160.56
1785429900,160.5
1785430800,149.9
1785431700,172.61
1785432600,181.2
1785433500,191.37
1785434400,183.7
1785435300,188.39
1785436200,199.44
1785437100,221.71
1785438000,218.14
1785438900,212.28
1785439800,203.9
1785440700,193.8
1785441600,201.3
1785442500,194.09
1785443400,187.25
1785444300,178.55
1785445200,181.29
1785446100,172.65
1785447000,169.78
1785447900,159.6
1785448800,177.28
1785449700,170.09
1785450600,164.6
1785451500,160.87
1785452400,172.99
1785453300,167.17
1785454200,157.61
1785455100,154.04
1785456000,157.15
1785456900,154.5
1785457800,154.05
1785458700,154.94
1785459600,153.96
1785460500,154.65
1785461400,154.01
1785462300,154.07
1785463200,154.91
1785464100,152.67
1785465000,156.78
1785465900,165.0
1785466800,154.3
1785467700,159.22
1785468600,173.89
1785469500,174.64
1785470400,172.04
1785471300,182.29
1785472200,183.6
1785473100,178.42
1785474000,187.3
1785474900,180.0
1785475800,172.61
1785476700,150.2
1785477600,182.6
1785478500,170.72
1785479400,153.29
1785480300,129.7
1785481200,159.97
1785482100,144.3
1785483000,129.15
1785483900,124.13
1785484800,135.42
1785485700,128.59
1785486600,112.6
1785487500,101.81
1785488400,113.8
1785489300,99.94
1785490200,98.75
1785491100,92.19
1785492000,97.71
1785492900,95.74
1785493800,96.03
1785494700,86.99
1785495600,85.01
1785496500,84.46
1785497400,82.25
1785498300,81.35
1785499200,80.4
1785500100,81.99
1785501000,87.81
1785501900,94.94
1785502800,90.11
1785503700,98.77
1785504600,104.72
1785505500,118.94
1785506400,110.0
1785507300,113.67
1785508200,123.8
1785509100,135.99
1785510000,123.97
1785510900,135.07
1785511800,164.01
1785512700,166.92
1785513600,140.45
1785514500,160.29
1785515400,168.14
1785516300,180.35
1785517200,165.01
1785518100,177.8
1785519000,192.93
1785519900,203.8
1785520800,184.96
1785521700,190.66
1785522600,196.27
1785523500,199.07
1785524400,192.09
1785525300,193.75
1785526200,197.33
1785527100,199.39
1785528000,204.05
1785528900,201.34
1785529800,184.12
1785530700,175.01
1785531600,178.22
1785532500,169.88
1785533400,167.36
1785534300,165.13
1785535200,183.75
1785536100,173.56
1785537000,164.44
1785537900,156.0
1785538800,169.43
1785539700,166.63
1785540600,157.66
1785541500,156.91
1785542400,160.91
1785543300,159.09
1785544200,155.88
1785545100,152.1
1785546000,157.01
1785546900,153.37
1785547800,155.0
1785548700,153.05
1785549600,154.91
1785550500,158.34
1785551400,153.54
1785552300,151.3
1785553200,152.78
1785554100,157.0
1785555000,155.47
1785555900,156.82
1785556800,160.52
1785557700,156.94
1785558600,151.9
1785559500,149.8
1785560400,162.96
1785561300,147.0
1785562200,141.73
1785563100,134.0
1785564000,160.86
1785564900,143.7
1785565800,133.18
1785566700,123.89
1785567600,145.41
1785568500,122.44
1785569400,117.65
1785570300,107.59
1785571200,116.41
1785572100,104.39
1785573000,101.6
1785573900,81.29
1785574800,83.0
1785575700,67.98
1785576600,51.16
1785577500,26.47
1785578400,31.63
1785579300,19.62
1785580200,11.7
1785581100,3.91
1785582000,1.63
1785582900,0.0
1785583800,0.0
1785584700,0.0
1785585600,0.0
1785586500,0.0
1785587400,0.0
1785588300,0.0
1785589200,0.02
1785590100,0.29
1785591000,2.8
1785591900,9.2
1785592800,6.5
1785593700,24.13
1785594600,64.03
1785595500,87.41
1785596400,87.12
1785597300,101.14
1785598200,119.08
1785599100,122.92
1785600000,119.38
1785600900,133.0
1785601800,160.82
1785602700,167.34
1785603600,150.92
1785604500,160.26
1785605400,175.47
1785606300,187.49
1785607200,174.17
1785608100,180.23
1785609000,183.4
1785609900,186.05
1785610800,184.85
1785611700,181.6
1785612600,182.41
1785613500,173.85
1785614400,190.2
1785615300,179.69
1785616200,175.2
1785617100,169.1
1785618000,172.11
1785618900,171.94
1785619800,171.23
1785620700,164.72
1785621600,188.4
1785622500,170.98
1785623400,161.1
1785624300,158.02
1785625200,160.86
1785626100,156.81
1785627000,162.01
1785627900,159.98
1785628800,158.74
1785629700,156.5
1785630600,157.31
1785631500,154.8
1785632400,155.36
1785633300,153.75
1785634200,153.88
1785635100,154.78
1785636000,155.01
1785636900,153.16
1785637800,152.94
1785638700,153.26
1785639600,159.03
1785640500,160.83
1785641400,159.73
1785642300,157.72
1785643200,161.13
1785644100,153.7
1785645000,151.62
1785645900,139.14
1785646800,153.77
1785647700,142.6
1785648600,136.11
1785649500,122.32
1785650400,152.74
1785651300,130.33
1785652200,112.43
1785653100,93.22
1785654000,104.46
1785654900,84.19
1785655800,51.64
1785656700,10.45
1785657600,10.21
1785658500,2.47
1785659400,-0.01
1785660300,-0.05
1785661200,-0.09
1785662100,-0.13
1785663000,-0.34
1785663900,-0.48
1785664800,-0.71
1785665700,-1.08
1785666600,-1.44
1785667500,-1.87
1785668400,-2.77
1785669300,-3.1
1785670200,-4.28
1785671100,-4.77
1785672000,-2.42
1785672900,-1.99
1785673800,-1.64
1785674700,-1.09
1785675600,-1.29
1785676500,-1.25
1785677400,-1.19
1785678300,-0.98
1785679200,-1.01
1785680100,-0.04
1785681000,0.0
1785681900,12.71
1785682800,41.97
1785683700,92.84
1785684600,116.55
1785685500,130.29
1785686400,123.89
1785687300,138.13
1785688200,157.0
1785689100,173.61
1785690000,160.15
1785690900,170.59
1785691800,183.9
1785692700,192.93
1785693600,182.99
1785694500,181.78
1785695400,185.66
1785696300,192.32
1785697200,190.7
1785698100,181.18
1785699000,174.37
1785699900,164.51
1785700800,181.59
1785701700,167.84
1785702600,163.65
1785703500,157.83
1785704400,160.11
1785705300,155.09
1785706200,152.96
1785707100,143.17
1785708000,146.32
1785708900,141.85
1785709800,136.95
1785710700,134.05
1785711600,137.95
1785712500,134.42
1785713400,135.44
1785714300,132.63
1785715200,133.59
1785716100,131.84
1785717000,131.4
1785717900,130.93
1785718800,129.25
1785719700,128.84
1785720600,129.5
1785721500,131.56
1785722400,128.7
1785723300,131.24
1785724200,133.6
1785725100,137.41
1785726000,139.13
1785726900,141.73
1785727800,144.67
1785728700,151.67
1785729600,164.9
1785730500,171.38
1785731400,173.41
1785732300,167.21
1785733200,173.56
1785734100,166.94
1785735000,161.83
1785735900,155.63
1785736800,167.27
1785737700,156.95
1785738600,150.23
1785739500,125.55
1785740400,163.11
1785741300,134.68
1785742200,124.22
1785743100,118.48
1785744000,127.99
1785744900,117.09
1785745800,109.3
1785746700,88.76
1785747600,90.05
1785748500,74.45
1785749400,62.48
1785750300,51.73
1785751200,42.44
1785752100,25.1
1785753000,21.36
1785753900,15.22
1785754800,23.27
1785755700,20.1
1785756600,11.28
1785757500,10.9
1785758400,10.09
1785759300,13.36
1785760200,26.04
1785761100,40.73
1785762000,41.35
1785762900,58.8
1785763800,68.01
1785764700,75.09
1785765600,88.22
1785766500,96.18
1785767400,106.57
1785768300,120.26
1785769200,117.1
1785770100,123.8
1785771000,145.59
1785771900,172.71
1785772800,155.17
1785773700,162.78
1785774600,170.7
1785775500,187.46
1785776400,177.61
1785777300,189.78
1785778200,208.69
1785779100,246.99
1785780000,207.26
1785780900,201.41
1785781800,194.5
1785782700,199.53
1785783600,196.48
1785784500,188.91
1785785400,184.83
1785786300,173.01
1785787200,184.05
1785788100,175.64
1785789000,173.01
1785789900,165.02
1785790800,166.58
1785791700,160.0
1785792600,155.7
1785793500,146.27
1785794400,168.81
1785795300,152.23
1785796200,151.15
1785797100,143.81
1785798000,151.26
1785798900,144.52
1785799800,143.87
1785800700,139.22
1785801600,140.8
1785802500,140.25
1785803400,139.17
1785804300,135.76
1785805200,134.42
1785806100,136.01
1785807000,138.33
1785807900,139.66
1785808800,139.17
1785809700,139.73
1785810600,142.47
1785811500,151.29
1785812400,151.75
1785813300,152.65
1785814200,156.0
1785815100,167.41
1785816000,166.64
1785816900,174.41
1785817800,170.78
1785818700,171.9
1785819600,178.09
1785820500,172.31
1785821400,171.95
1785822300,154.78
1785823200,177.98
1785824100,168.1
1785825000,157.05
1785825900,142.83
1785826800,174.24
1785827700,156.6
1785828600,134.08
1785829500,121.23
1785830400,143.5
1785831300,122.39
1785832200,117.57
1785833100,114.58
1785834000,113.9
1785834900,106.83
1785835800,98.05
1785836700,96.17
1785837600,94.99
1785838500,85.7
1785839400,85.01
1785840300,83.55
1785841200,81.95
1785842100,80.59
1785843000,72.34
1785843900,70.98
1785844800,81.65
1785845700,84.32
1785846600,85.01
1785847500,85.27
1785848400,96.37
1785849300,101.61
1785850200,117.07
1785851100,122.78
1785852000,119.5
1785852900,123.46
1785853800,124.08
1785854700,142.71
1785855600,137.21
1785856500,149.41
1785857400,165.9
1785858300,167.33
1785859200,155.95
1785860100,156.4
1785861000,176.28
1785861900,213.56
1785862800,170.39
1785863700,201.19
1785864600,236.85
1785865500,303.57
1785866400,240.01
1785867300,248.74
1785868200,241.06
1785869100,230.21
1785870000,239.71
1785870900,214.07
1785871800,203.55
1785872700,190.85
1785873600,198.68
1785874500,181.42
1785875400,184.89
1785876300,175.52
1785877200,170.88
1785878100,166.5
1785879000,163.1
1785879900,151.78
1785880800,162.65
1785881700,156.5
1785882600,151.55
1785883500,150.07
1785884400,152.76
1785885300,148.53
1785886200,148.29
1785887100,147.81
1785888000,152.68
1785888900,147.52
1785889800,146.1
1785890700,145.9
1785891600,147.72
1785892500,147.4
1785893400,142.75
1785894300,139.15
1785895200,139.61
1785896100,138.16
1785897000,140.61
1785897900,139.0
1785898800,135.8
1785899700,140.47
1785900600,146.29
1785901500,154.45
1785902400,154.81
1785903300,156.68
1785904200,160.23
1785905100,157.0
1785906000,166.09
1785906900,162.24
1785907800,154.41
1785908700,136.0
1785909600,162.64
1785910500,147.91
1785911400,131.74
1785912300,116.9
1785913200,145.09
1785914100,120.15
1785915000,104.5
1785915900,78.41
1785916800,100.0
1785917700,85.71
1785918600,54.6
1785919500,17.49
1785920400,24.88
1785921300,8.35
1785922200,0.1
1785923100,0.0
1785924000,0.0
1785924900,-0.01
1785925800,-0.04
1785926700,-0.1
1785927600,-0.17
1785928500,-0.34
1785929400,-0.91
1785930300,-0.75
1785931200,-0.19
1785932100,-0.14
1785933000,-0.13
1785933900,-0.1
1785934800,-0.06
1785935700,-0.01
1785936600,0.0
1785937500,0.0
1785938400,0.0
1785939300,0.07
1785940200,2.25
1785941100,24.99
1785942000,15.65
1785942900,60.05
1785943800,87.47
1785944700,126.17
1785945600,94.66
1785946500,126.61
1785947400,152.98
1785948300,166.07
1785949200,155.06
1785950100,158.78
1785951000,172.39
1785951900,209.36
1785952800,177.77
1785953700,186.45
1785954600,190.63
1785955500,195.0
1785956400,193.32
1785957300,199.52
1785958200,217.11
1785959100,205.0
1785960000,225.86
1785960900,187.9
1785961800,178.54
1785962700,170.95
1785963600,175.43
1785964500,167.09
1785965400,164.92
1785966300,156.98
1785967200,171.83
1785968100,162.64
1785969000,160.0
1785969900,155.58
1785970800,166.55
1785971700,160.0
1785972600,151.66
1785973500,142.6
1785974400,158.43
1785975300,150.54
1785976200,140.25
1785977100,137.57
1785978000,144.69
1785978900,137.55
1785979800,136.15
1785980700,132.93
1785981600,133.62
1785982500,133.75
1785983400,134.05
1785984300,134.82
1785985200,132.59
1785986100,133.09
1785987000,136.23
1785987900,141.1
1785988800,149.96
1785989700,160.25
1785990600,160.9
1785991500,153.08
1785992400,161.04
1785993300,152.72
1785994200,152.05
1785995100,131.51
1785996000,170.27
1785996900,145.0
1785997800,130.85
1785998700,110.77
1785999600,135.38
1786000500,109.16
1786001400,89.63
1786002300,48.11
1786003200,66.54
1786004100,27.88
1786005000,5.52
1786005900,0.4
1786006800,0.7
1786007700,0.0
1786008600,-0.01
1786009500,-0.11
1786010400,-0.01
1786011300,-0.08
1786012200,-0.09
1786013100,-0.16
1786014000,-1.01
1786014900,-1.11
1786015800,-1.47
1786016700,-1.84
1786017600,-1.49
1786018500,-1.57
1786019400,-1.09
1786020300,-1.01
1786021200,-1.0
1786022100,-0.19
1786023000,-0.11
1786023900,-0.04
1786024800,-0.04
1786025700,-0.01
1786026600,0.0
1786027500,0.08
1786028400,2.49
1786029300,24.4
1786030200,50.0
1786031100,76.81
1786032000,74.76
1786032900,96.82
1786033800,127.0
1786034700,159.34
1786035600,129.83
1786036500,137.63
1786037400,150.54
1786038300,154.71
1786039200,152.09
1786040100,159.99
1786041000,166.47
1786041900,172.22
1786042800,167.0
1786043700,168.3
1786044600,168.25
1786045500,165.01
1786046400,172.05
1786047300,170.85
1786048200,171.35
1786049100,163.57
1786050000,165.21
1786050900,158.55
1786051800,157.53
1786052700,152.5
1786053600,152.93
1786054500,148.16
1786055400,144.02
1786056300,135.18
1786057200,142.0
1786058100,138.02
1786059000,138.61
1786059900,135.99
1786060800,137.76
1786061700,130.76
1786062600,127.59
1786063500,128.37
1786064400,128.84
1786065300,128.62
1786066200,128.83
1786067100,129.98
1786068000,127.31
1786068900,129.76
1786069800,133.39
1786070700,135.84
1786071600,129.25
1786072500,136.82
1786073400,149.04
1786074300,150.22
1786075200,150.57
1786076100,154.25
1786077000,159.33
1786077900,160.52
1786078800,168.32
1786079700,163.09
1786080600,153.18
1786081500,135.3
1786082400,165.72
1786083300,151.27
1786084200,144.03
1786085100,121.29
1786086000,150.42
1786086900,130.12
1786087800,114.18
1786088700,109.75
1786089600,109.69
1786090500,103.26
1786091400,100.0
1786092300,95.7
1786093200,85.37
1786094100,75.07
1786095000,61.68
1786095900,43.93
1786096800,39.99
1786097700,27.61
1786098600,24.91
1786099500,20.09
1786100400,22.46
1786101300,12.18
1786102200,9.75
1786103100,7.68
1786104000,10.04
1786104900,15.25
1786105800,20.18
1786106700,29.44
1786107600,24.26
1786108500,33.85
1786109400,50.49
1786110300,68.76
1786111200,66.76
1786112100,83.2
1786113000,91.69
1786113900,107.71
1786114800,104.25
1786115700,111.54
1786116600,123.95
1786117500,134.93
1786118400,125.82
1786119300,142.24
1786120200,147.9
1786121100,162.88
1786122000,150.64
1786122900,170.99
1786123800,175.18
1786124700,193.6
1786125600,181.0
1786126500,194.38
1786127400,203.06
1786128300,202.05
1786129200,211.2
1786130100,197.84
1786131000,188.78
1786131900,180.78
1786132800,189.17
1786133700,177.42
1786134600,175.05
1786135500,170.71
1786136400,172.02
1786137300,167.05
1786138200,164.05
1786139100,161.26
1786140000,163.38
1786140900,157.14
1786141800,155.24
1786142700,147.2
1786143600,155.2
1786144500,150.66
1786145400,147.14
1786146300,143.0
1786147200,148.61
1786148100,145.34
1786149000,144.62
1786149900,142.38
1786150800,146.92
1786151700,146.23
1786152600,146.11
1786153500,144.42
1786154400,141.96
1786155300,144.47
1786156200,144.76
1786157100,144.27
1786158000,139.91
1786158900,141.33
1786159800,147.81
1786160700,153.73
1786161600,155.08
1786162500,148.32
1786163400,143.93
1786164300,137.72
1786165200,155.0
1786166100,142.87
1786167000,134.9
1786167900,118.02
1786168800,145.88
1786169700,124.56
1786170600,106.7
1786171500,82.99
1786172400,107.54
1786173300,87.67
1786174200,44.94
1786175100,10.03
1786176000,12.32
1786176900,3.21
1786177800,0.0
1786178700,-0.09
1786179600,-1.14
1786180500,-1.21
1786181400,-1.71
1786182300,-2.01
1786183200,-3.83
1786184100,-5.01
1786185000,-6.81
1786185900,-8.3
1786186800,-8.77
1786187700,-10.06
1786188600,-12.29
1786189500,-12.87
1786190400,-18.49
1786191300,-12.99
1786192200,-10.0
1786193100,-7.13
1786194000,-6.97
1786194900,-8.85
1786195800,-5.48
1786196700,-6.75
1786197600,-1.44
1786198500,-0.54
1786199400,-0.28
1786200300,0.01
1786201200,1.93
1786202100,34.8
1786203000,106.04
1786203900,129.89
1786204800,106.31
1786205700,133.37
1786206600,157.0
1786207500,163.32
1786208400,148.76
1786209300,160.26
1786210200,170.72
1786211100,191.72
1786212000,185.76
1786212900,186.37
1786213800,183.16
1786214700,183.34
1786215600,186.66
1786216500,187.16
1786217400,178.53
1786218300,165.64
1786219200,185.18
1786220100,170.48
1786221000,167.9
1786221900,159.84
1786222800,161.96
1786223700,155.9
1786224600,155.25
1786225500,144.57
1786226400,155.2
1786227300,147.95
1786228200,143.81
1786229100,134.14
1786230000,139.99
1786230900,140.12
1786231800,141.23
1786232700,136.04
1786233600,141.06
1786234500,136.28
1786235400,135.19
1786236300,133.24
1786237200,135.01
1786238100,134.87
1786239000,133.57
1786239900,132.35
1786240800,133.52
1786241700,134.92
1786242600,133.86
1786243500,133.81
1786244400,136.99
1786245300,134.99
1786246200,135.7
1786247100,132.32
1786248000,143.37
1786248900,134.18
1786249800,128.88
1786250700,120.76
1786251600,133.27
1786252500,123.65
1786253400,113.87
1786254300,101.96
1786255200,115.96
1786256100,106.41
1786257000,83.71
1786257900,60.43
1786258800,73.51
1786259700,30.79
1786260600,4.99
1786261500,0.67
1786262400,1.12
1786263300,0.12
1786264200,-0.01
1786265100,-0.02
1786266000,-0.01
1786266900,-0.03
1786267800,-0.04
1786268700,-0.11
1786269600,-1.0
1786270500,-1.62
1786271400,-2.99
1786272300,-4.99
1786273200,-4.99
1786274100,-5.3
1786275000,-5.01
1786275900,-5.02
1786276800,-4.9
1786277700,-2.15
1786278600,-1.01
1786279500,-0.19
1786280400,-0.1
1786281300,-0.01
1786282200,-0.01
1786283100,-0.01
1786284000,-0.01
1786284900,-0.01
1786285800,0.62
1786286700,14.52
1786287600,6.83
1786288500,72.1
1786289400,106.28
1786290300,144.59
1786291200,121.9
1786292100,151.0
1786293000,160.95
1786293900,170.9
1786294800,154.94
1786295700,161.51
1786296600,172.0
1786297500,187.66
1786298400,171.97
1786299300,176.85
1786300200,178.54
1786301100,177.0
1786302000,175.23
1786302900,175.73
1786303800,175.31
1786304700,170.26
1786305600,174.05
1786306500,171.1
1786307400,170.89
1786308300,163.96
1786309200,163.89
1786310100,158.12
1786311000,157.94
1786311900,148.65
1786312800,154.12
1786313700,151.91
1786314600,144.02
1786315500,135.84
1786316400,146.04
1786317300,139.45
1786318200,136.45
1786319100,130.12
1786320000,135.72
1786320900,133.08
1786321800,130.08
1786322700,127.1
1786323600,126.17
1786324500,127.64
1786325400,126.8
1786326300,127.09
1786327200,125.18
1786328100,127.14
1786329000,127.23
1786329900,130.35
1786330800,131.62
1786331700,139.38
1786332600,148.31
1786333500,152.99
1786334400,157.75
1786335300,165.0
1786336200,165.12
1786337100,165.1
1786338000,170.0
1786338900,170.0
1786339800,162.88
1786340700,155.95
1786341600,179.91
1786342500,165.0
1786343400,155.08
1786344300,143.55
1786345200,163.56
1786346100,151.97
1786347000,125.53
1786347900,114.47
1786348800,133.73
1786349700,115.0
1786350600,105.17
1786351500,92.53
1786352400,98.77
1786353300,87.13
1786354200,71.14
1786355100,59.51
1786356000,59.99
1786356900,40.55
1786357800,29.99
1786358700,16.61
1786359600,15.0
1786360500,10.04
1786361400,7.54
1786362300,3.99
1786363200,4.2
1786364100,3.66
1786365000,4.5
1786365900,4.99
1786366800,4.56
1786367700,9.0
1786368600,10.03
1786369500,16.41
1786370400,14.89
1786371300,37.71
1786372200,58.48
1786373100,84.71
1786374000,69.62
1786374900,104.76
1786375800,112.45
1786376700,137.8
1786377600,118.64
1786378500,127.76
1786379400,144.79
1786380300,159.61
1786381200,148.7
1786382100,157.0
1786383000,166.74
1786383900,190.39
1786384800,167.0
1786385700,169.6
1786386600,180.85
1786387500,190.36
1786388400,199.51
1786389300,186.73
1786390200,176.59
1786391100,163.3
1786392000,181.61
1786392900,167.57
1786393800,168.04
1786394700,159.52
1786395600,157.67
1786396500,154.93
1786397400,152.51
1786398300,140.65
1786399200,147.37
1786400100,145.77
1786401000,138.77
1786401900,124.88
1786402800,142.14
1786403700,138.91
1786404600,144.85
1786405500,138.05
1786406400,143.8
1786407300,135.94
1786408200,133.72
1786409100,131.33
1786410000,129.89
1786410900,129.58
1786411800,128.38
1786412700,127.08
1786413600,126.65
1786414500,127.87
1786415400,130.43
1786416300,134.74
1786417200,128.4
1786418100,134.53
1786419000,143.45
1786419900,153.78
1786420800,154.98
1786421700,157.0
1786422600,157.82
1786423500,157.37
1786424400,166.72
1786425300,161.5
1786426200,155.58
1786427100,147.64
1786428000,163.26
1786428900,152.18
1786429800,141.17
1786430700,118.54
1786431600,141.8
1786432500,116.85
1786433400,104.57
1786434300,80.08
1786435200,97.18
1786436100,73.27
1786437000,38.65
1786437900,22.29
1786438800,25.41
1786439700,9.87
1786440600,2.66
1786441500,0.19
1786442400,0.08
1786443300,0.0
1786444200,0.0
1786445100,-0.01
1786446000,-0.01
1786446900,-0.08
1786447800,-0.15
1786448700,-0.17
1786449600,-0.18
1786450500,-0.16
1786451400,-0.01
1786452300,-0.01
1786453200,0.0
1786454100,0.07
1786455000,2.47
1786455900,10.01
1786456800,7.93
1786457700,22.39
1786458600,60.43
1786459500,87.18
1786460400,77.75
1786461300,103.57
1786462200,119.29
1786463100,138.89
1786464000,118.57
1786464900,143.69
1786465800,156.74
1786466700,166.99
1786467600,157.94
1786468500,168.74
1786469400,181.52
1786470300,204.96
1786471200,194.69
1786472100,200.09
1786473000,201.18
1786473900,199.95
1786474800,203.65
1786475700,192.27
1786476600,188.11
1786477500,173.33
1786478400,180.34
1786479300,172.95
1786480200,171.78
1786481100,166.61
1786482000,163.01
1786482900,153.52
1786483800,152.08
1786484700,147.79
1786485600,163.11
1786486500,159.03
1786487400,153.99
1786488300,145.0
1786489200,154.42
1786490100,149.9
1786491000,147.87
1786491900,145.83
1786492800,145.09
1786493700,142.39
1786494600,142.86
1786495500,142.86
1786496400,139.14
1786497300,139.19
1786498200,139.99
1786499100,140.69
1786500000,137.05
1786500900,139.11
1786501800,139.15
1786502700,144.29
1786503600,144.62
1786504500,149.01
1786505400,158.36
1786506300,162.01
1786507200,171.5
1786508100,175.0
1786509000,172.64
1786509900,171.16
1786510800,181.5
1786511700,171.5
1786512600,165.85
1786513500,151.32
1786514400,175.49
1786515300,160.13
1786516200,146.22
1786517100,139.01
1786518000,162.2
1786518900,136.18
1786519800,116.45
1786520700,100.08
1786521600,118.22
1786522500,98.67
1786523400,81.58
1786524300,51.87
1786525200,64.13
1786526100,42.0
1786527000,36.2
1786527900,19.04
1786528800,26.26
1786529700,16.21
1786530600,10.03
1786531500,6.5
1786532400,9.26
1786533300,4.93
1786534200,0.01
1786535100,0.0
1786536000,12.0
1786536900,15.47
1786537800,15.48
1786538700,16.93
1786539600,17.05
1786540500,27.47
1786541400,44.35
1786542300,74.08
1786543200,67.43
1786544100,93.15
1786545000,110.71
1786545900,119.54
1786546800,110.2
1786547700,131.49
1786548600,147.14
1786549500,173.52
1786550400,155.8
1786551300,173.62
1786552200,185.4
1786553100,219.27
1786554000,210.0
1786554900,241.53
1786555800,287.3
1786556700,461.17
1786557600,402.5
1786558500,314.82
1786559400,251.34
1786560300,232.17
1786561200,253.0
1786562100,243.12
1786563000,223.39
1786563900,198.97
1786564800,205.64
1786565700,193.4
1786566600,188.49
1786567500,175.12
1786568400,180.29
1786569300,174.1
1786570200,173.91
1786571100,160.1
1786572000,164.47
1786572900,156.56
1786573800,152.26
1786574700,143.12
1786575600,153.0
1786576500,148.01
1786577400,147.29
1786578300,142.07
1786579200,143.58
1786580100,143.17
1786581000,144.38
1786581900,142.56
1786582800,140.87
1786583700,141.82
1786584600,143.76
1786585500,144.44
1786586400,140.99
1786587300,143.06
1786588200,146.55
1786589100,149.08
1786590000,149.15
1786590900,154.5
1786591800,159.68
1786592700,166.26
1786593600,170.61
1786594500,174.09
1786595400,177.24
1786596300,174.99
1786597200,182.47
1786598100,174.91
1786599000,169.99
1786599900,157.02
1786600800,172.99
1786601700,162.7
1786602600,153.31
1786603500,138.2
1786604400,158.82
1786605300,143.73
1786606200,124.51
1786607100,115.54
1786608000,134.95
1786608900,122.58
1786609800,101.19
1786610700,79.66
1786611600,99.52
1786612500,68.04
1786613400,39.29
1786614300,0.06
1786615200,10.06
1786616100,1.16
1786617000,0.0
1786617900,0.0
1786618800,0.0
1786619700,0.0
1786620600,0.0
1786621500,0.0
1786622400,-0.01
1786623300,0.0
1786624200,0.0
1786625100,10.09
1786626000,10.06
1786626900,35.47
1786627800,57.62
1786628700,74.61
1786629600,78.4
1786630500,112.09
1786631400,123.55
1786632300,131.87
1786633200,125.07
1786634100,135.9
1786635000,160.03
1786635900,179.03
1786636800,165.0
1786637700,188.0
1786638600,209.06
1786639500,253.93
1786640400,229.16
1786641300,262.69
1786642200,327.17
1786643100,487.38
1786644000,414.96
1786644900,371.94
1786645800,300.14
1786646700,268.41
1786647600,353.92
1786648500,268.97
1786649400,240.0
1786650300,217.15
1786651200,233.38
1786652100,215.51
1786653000,212.01
1786653900,193.03
1786654800,190.84
1786655700,179.71
1786656600,172.93
1786657500,161.21
1786658400,168.41
1786659300,159.2
1786660200,156.53
1786661100,151.33
1786662000,159.66
1786662900,152.81
1786663800,148.62
1786664700,146.35
1786665600,147.4
1786666500,146.34
1786667400,146.31
1786668300,142.87
1786669200,143.09
1786670100,141.62
1786671000,141.68
1786671900,141.81
1786672800,140.0
1786673700,142.55
1786674600,145.65
1786675500,147.43
1786676400,145.86
1786677300,152.23
1786678200,157.69
1786679100,163.01
1786680000,168.9
1786680900,172.48
1786681800,173.14
1786682700,173.32
1786683600,178.27
1786684500,175.01
1786685400,168.05
1786686300,159.0
1786687200,173.0
1786688100,161.61
1786689000,145.6
1786689900,127.13
1786690800,156.43
1786691700,138.08
1786692600,125.0
1786693500,121.29
1786694400,124.62
1786695300,112.1
1786696200,100.35
1786697100,80.78
1786698000,97.42
1786698900,70.02
1786699800,56.96
1786700700,30.06
1786701600,44.72
1786702500,26.99
1786703400,18.28
1786704300,10.01
1786705200,10.02
1786706100,11.06
1786707000,10.07
1786707900,0.86
1786708800,0.01
1786709700,7.41
1786710600,17.81
1786711500,43.99
1786712400,25.09
1786713300,56.56
1786714200,80.0
1786715100,101.51
1786716000,87.0
1786716900,108.58
1786717800,124.96
1786718700,144.74
1786719600,124.21
1786720500,136.78
1786721400,147.72
1786722300,165.91
1786723200,149.99
1786724100,172.96
1786725000,186.1
1786725900,210.91
1786726800,199.1
1786727700,225.19
1786728600,259.46
1786729500,303.49
1786730400,273.8
1786731300,271.98
1786732200,259.13
1786733100,249.99
1786734000,252.5
1786734900,234.83
1786735800,229.0
1786736700,209.95
1786737600,212.33
1786738500,198.29
1786739400,194.0
1786740300,187.38
1786741200,186.06
1786742100,182.02
1786743000,175.0
1786743900,166.99
1786744800,177.73
1786745700,170.01
1786746600,168.58
1786747500,161.47
1786748400,170.01
1786749300,161.32
1786750200,161.49
1786751100,156.77
1786752000,158.96
1786752900,157.64
1786753800,156.73
1786754700,154.28
1786755600,156.79
1786756500,157.63
1786757400,156.77
1786758300,156.56
1786759200,155.37
1786760100,154.18
1786761000,154.37
1786761900,154.14
1786762800,149.49
1786763700,150.4
1786764600,155.12
1786765500,160.36
1786766400,164.51
1786767300,162.85
1786768200,155.59
1786769100,144.98
1786770000,170.91
1786770900,161.14
1786771800,147.83
1786772700,127.86
1786773600,163.9
1786774500,150.75
1786775400,125.09
1786776300,109.39
1786777200,138.87
1786778100,112.64
1786779000,97.65
1786779900,89.54
1786780800,99.64
1786781700,69.72
1786782600,44.52
1786783500,30.1
1786784400,33.63
1786785300,25.75
1786786200,15.47
1786787100,10.01
1786788000,5.83
1786788900,4.37
1786789800,3.76
1786790700,3.51
1786791600,0.97
1786792500,0.58
1786793400,1.31
1786794300,1.17
1786795200,0.6
1786796100,3.7
1786797000,5.02
1786797900,7.96
1786798800,7.66
1786799700,9.97
1786800600,16.08
1786801500,26.68
1786802400,22.35
1786803300,40.78
1786804200,92.29
1786805100,118.93
1786806000,94.58
1786806900,113.44
1786807800,146.31
1786808700,167.52
1786809600,149.7
1786810500,160.17
1786811400,174.54
1786812300,173.64
1786813200,163.07
1786814100,172.0
1786815000,185.69
1786815900,199.1
1786816800,173.38
1786817700,182.92
1786818600,189.49
1786819500,194.17
1786820400,190.79
1786821300,186.25
1786822200,179.59
1786823100,176.74
1786824000,189.45
1786824900,179.87
1786825800,178.01
1786826700,171.04
1786827600,186.99
1786828500,170.41
1786829400,173.52
1786830300,165.04
1786831200,188.25
1786832100,175.26
1786833000,168.8
1786833900,164.94
1786834800,180.07
1786835700,172.2
1786836600,164.94
1786837500,157.14
1786838400,163.0
1786839300,172.43
1786840200,167.97
1786841100,157.92
1786842000,160.34
1786842900,157.45
1786843800,156.85
1786844700,155.5
1786845600,158.41
1786846500,155.77
1786847400,156.45
1786848300,156.97
1786849200,151.91
1786850100,154.76
1786851000,160.0
1786851900,161.11
1786852800,161.2
1786853700,160.0
1786854600,153.58
1786855500,151.62
1786856400,160.0
1786857300,154.6
1786858200,147.33
1786859100,139.55
1786860000,170.45
1786860900,154.5
1786861800,137.97
1786862700,120.41
1786863600,148.0
1786864500,126.04
1786865400,115.38
1786866300,108.04
1786867200,115.16
1786868100,107.57
1786869000,83.87
1786869900,81.0
1786870800,74.9
1786871700,58.79
1786872600,59.32
1786873500,51.91
1786874400,56.02
1786875300,55.22
1786876200,39.99
1786877100,22.89
1786878000,31.04
1786878900,23.05
1786879800,25.02
1786880700,30.24
1786881600,25.29
1786882500,29.99
1786883400,39.9
1786884300,51.05
1786885200,48.3
1786886100,63.63
1786887000,77.98
1786887900,80.9
1786888800,89.9
1786889700,110.4
1786890600,117.97
1786891500,146.27
1786892400,118.12
1786893300,133.05
1786894200,155.13
1786895100,175.0
1786896000,155.0
1786896900,161.42
1786897800,175.09
1786898700,186.24
1786899600,172.2
1786900500,181.6
1786901400,194.17
1786902300,203.91
1786903200,188.0
1786904100,197.99
1786905000,202.8
1786905900,211.28
1786906800,212.4
1786907700,208.21
1786908600,202.99
1786909500,199.1
1786910400,215.04
1786911300,210.95
1786912200,202.8
1786913100,197.35
1786914000,203.55
1786914900,194.0
1786915800,188.27
1786916700,184.77
1786917600,205.0
1786918500,196.0
1786919400,188.7
1786920300,178.81
1786921200,187.15
1786922100,181.54
1786923000,178.54
1786923900,168.01
1786924800,172.39
1786925700,164.41
1786926600,160.15
1786927500,158.65
1786928400,162.09
1786929300,160.72
1786930200,158.25
1786931100,160.06
1786932000,157.74
1786932900,155.25
1786933800,159.29
1786934700,164.0
1786935600,162.9
1786936500,169.13
1786937400,177.7
1786938300,190.14
1786939200,192.62
1786940100,197.5
1786941000,198.5
1786941900,200.98
1786942800,207.0
1786943700,208.9
1786944600,205.0
1786945500,199.7
1786946400,212.08
1786947300,208.46
1786948200,213.01
1786949100,200.9
1786950000,212.49
1786950900,204.32
1786951800,195.99
1786952700,182.36
1786953600,190.2
1786954500,180.0
1786955400,169.15
1786956300,162.6
1786957200,176.67
1786958100,173.36
1786959000,161.29
1786959900,156.57
1786960800,158.83
1786961700,156.07
1786962600,155.82
1786963500,146.42
1786964400,158.36
1786965300,158.21
1786966200,147.39
1786967100,136.81
1786968000,142.54
1786968900,136.92
1786969800,142.17
1786970700,143.56
1786971600,142.67
1786972500,137.86
1786973400,138.17
1786974300,140.84
1786975200,135.4
1786976100,139.78
1786977000,142.37
1786977900,142.79
1786978800,136.66
1786979700,147.49
1786980600,154.57
1786981500,169.37
1786982400,157.75
1786983300,170.46
1786984200,185.71
1786985100,194.48
1786986000,184.66
1786986900,200.57
1786987800,212.04
1786988700,219.14
1786989600,206.58
1786990500,213.69
1786991400,216.04
1786992300,217.29
1786993200,219.05
1786994100,213.86
1786995000,210.0
1786995900,197.1
1786996800,205.4
1786997700,199.19
1786998600,199.24
1786999500,186.99
1787000400,192.75
1787001300,184.4
1787002200,176.53
1787003100,166.0
1787004000,187.93
1787004900,179.97
1787005800,167.81
1787006700,158.56
1787007600,167.15
1787008500,161.93
1787009400,160.0
1787010300,150.07
1787011200,152.55
1787012100,150.08
1787013000,149.66
1787013900,150.93
1787014800,148.34
1787015700,146.98
1787016600,148.18
1787017500,150.07
1787018400,148.4
1787019300,147.05
1787020200,149.3
1787021100,152.13
1787022000,147.12
1787022900,155.99
1787023800,159.44
1787024700,173.57
1787025600,172.39
1787026500,190.44
1787027400,192.51
1787028300,195.78
1787029200,199.7
1787030100,193.79
1787031000,188.86
1787031900,187.94
1787032800,201.38
1787033700,196.16
1787034600,180.0
1787035500,163.34
1787036400,174.56
1787037300,167.97
1787038200,156.37
1787039100,146.82
1787040000,160.98
1787040900,155.17
1787041800,147.9
1787042700,145.48
1787043600,148.95
1787044500,144.56
1787045400,141.93
1787046300,147.13
1787047200,137.31
1787048100,137.16
1787049000,136.41
1787049900,135.42
1787050800,133.77
1787051700,133.15
1787052600,131.76
1787053500,128.73
1787054400,129.85
1787055300,130.24
1787056200,131.96
1787057100,130.1
1787058000,131.79
1787058900,130.35
1787059800,131.72
1787060700,135.91
1787061600,132.03
1787062500,134.74
1787063400,139.72
1787064300,149.3
1787065200,138.26
1787066100,150.66
1787067000,160.5
1787067900,167.19
1787068800,159.01
1787069700,174.44
1787070600,187.57
1787071500,193.2
1787072400,192.0
1787073300,195.01
1787074200,200.16
1787075100,203.56
1787076000,198.56
1787076900,202.56
1787077800,202.0
1787078700,198.46
1787079600,203.6
1787080500,208.53
1787081400,196.03
1787082300,187.02
1787083200,200.23
1787084100,195.0
1787085000,188.25
1787085900,182.06
1787086800,191.52
1787087700,177.9
1787088600,174.25
1787089500,164.9
1787090400,192.0
1787091300,179.12
1787092200,174.36
1787093100,160.92
1787094000,163.46
1787094900,157.81
1787095800,156.13
1787096700,153.0
1787097600,156.88
1787098500,151.89
1787099400,150.39
1787100300,146.49
1787101200,147.52
1787102100,147.94
1787103000,146.48
1787103900,147.26
1787104800,148.07
1787105700,148.82
1787106600,150.0
1787107500,149.09
1787108400,155.03
1787109300,155.34
1787110200,161.45
1787111100,174.84
1787112000,173.09
1787112900,184.71
1787113800,188.92
1787114700,192.23
1787115600,197.0
1787116500,192.85
1787117400,191.72
1787118300,188.95
1787119200,202.0
1787120100,194.13
1787121000,186.99
1787121900,180.34
1787122800,200.0
1787123700,179.92
1787124600,155.0
1787125500,143.78
1787126400,163.0
1787127300,154.9
1787128200,146.43
1787129100,146.34
1787130000,145.69
1787130900,146.02
1787131800,142.13
1787132700,138.0
1787133600,143.44
1787134500,135.42
1787135400,134.6
1787136300,130.87
1787137200,133.2
1787138100,129.43
1787139000,126.39
1787139900,123.8
1787140800,128.08
1787141700,129.28
1787142600,126.8
1787143500,126.93
1787144400,125.48
1787145300,129.36
1787146200,132.95
1787147100,136.24
1787148000,130.0
1787148900,135.0
1787149800,140.56
1787150700,147.71
1787151600,138.08
1787152500,146.02
1787153400,156.97
1787154300,173.5
1787155200,164.67
1787156100,180.0
1787157000,192.0
1787157900,198.27
1787158800,187.42
1787159700,205.02
1787160600,215.99
1787161500,221.78
1787162400,199.57
1787163300,208.87
1787164200,212.6
1787165100,216.74
1787166000,212.86
1787166900,211.1
1787167800,203.54
1787168700,196.99
1787169600,206.89
1787170500,201.18
1787171400,198.0
1787172300,190.32
1787173200,196.0
1787174100,190.1
1787175000,185.0
1787175900,175.09
1787176800,185.0
1787177700,178.23
1787178600,168.62
1787179500,159.0
1787180400,166.11
1787181300,162.91
1787182200,162.11
1787183100,158.27
1787184000,158.91
1787184900,154.99
1787185800,151.5
1787186700,149.53
1787187600,149.15
1787188500,146.95
1787189400,148.89
1787190300,146.97
1787191200,145.9
1787192100,146.91
1787193000,149.56
1787193900,151.6
1787194800,148.71
1787195700,154.65
1787196600,162.13
1787197500,172.71
1787198400,171.64
1787199300,183.99
1787200200,188.22
1787201100,187.35
1787202000,195.14
1787202900,188.66
1787203800,185.68
1787204700,176.25
1787205600,188.96
1787206500,177.63
1787207400,165.0
1787208300,155.4
1787209200,170.0
1787210100,165.11
1787211000,147.12
1787211900,135.79
1787212800,154.89
1787213700,137.18
1787214600,133.0
1787215500,117.89
1787216400,132.96
1787217300,112.6
1787218200,103.04
1787219100,89.22
1787220000,99.77
1787220900,83.69
1787221800,78.09
1787222700,72.97
1787223600,73.47
1787224500,68.25
1787225400,60.42
1787226300,52.69
1787227200,66.88
1787228100,65.18
1787229000,72.77
1787229900,72.93
1787230800,78.7
1787231700,85.36
1787232600,97.36
1787233500,103.41
1787234400,73.87
1787235300,99.0
1787236200,119.24
1787237100,131.91
1787238000,128.09
1787238900,135.63
1787239800,151.07
1787240700,162.01
1787241600,140.81
1787242500,156.73
1787243400,177.35
1787244300,182.09
1787245200,180.59
1787246100,189.29
1787247000,196.2
1787247900,202.81
1787248800,198.85
1787249700,199.99
1787250600,201.56
1787251500,202.0
1787252400,200.64
1787253300,197.67
1787254200,195.01
1787255100,189.15
1787256000,193.65
1787256900,190.0
1787257800,187.99
1787258700,180.07
1787259600,180.09
1787260500,176.0
1787261400,170.93
1787262300,165.04
1787263200,183.05
1787264100,175.0
1787265000,166.45
1787265900,156.9
1787266800,165.55
1787267700,162.28
1787268600,159.74
1787269500,154.39
1787270400,154.94
1787271300,152.71
1787272200,151.0
1787273100,151.3
1787274000,152.65
1787274900,151.11
1787275800,151.53
1787276700,150.61
1787277600,150.88
1787278500,151.49
1787279400,152.57
1787280300,157.9
1787281200,152.1
1787282100,157.08
1787283000,169.32
1787283900,185.0
1787284800,181.71
1787285700,189.94
1787286600,189.93
1787287500,195.26
1787288400,193.58
1787289300,194.66
1787290200,195.32
1787291100,192.0
1787292000,211.88
1787292900,204.71
1787293800,188.2
1787294700,165.55
1787295600,193.04
1787296500,175.59
1787297400,158.24
1787298300,144.45
1787299200,166.0
1787300100,154.69
1787301000,142.59
1787301900,132.72
1787302800,139.8
1787303700,142.14
1787304600,137.0
1787305500,136.59
1787306400,134.38
1787307300,134.62
1787308200,134.77
1787309100,137.07
1787310000,140.65
1787310900,138.01
1787311800,142.81
1787312700,140.51
1787313600,134.35
1787314500,142.05
1787315400,144.34
1787316300,143.95
1787317200,144.78
1787318100,145.0
1787319000,144.12
1787319900,165.09
1787320800,148.6
1787321700,157.97
1787322600,167.88
1787323500,191.51
1787324400,160.6
1787325300,180.84
1787326200,196.0
1787327100,207.39
1787328000,193.49
1787328900,199.99
1787329800,196.37
1787330700,198.11
1787331600,205.0
1787332500,204.34
1787333400,199.99
1787334300,208.33
1787335200,206.99
1787336100,199.56
1787337000,200.76
1787337900,208.31
1787338800,205.32
1787339700,204.01
1787340600,195.96
1787341500,189.57
1787342400,192.71
1787343300,188.27
1787344200,189.26
1787345100,179.19
1787346000,182.37
1787346900,175.8
1787347800,171.92
1787348700,163.91
1787349600,176.56
1787350500,171.6
1787351400,166.27
1787352300,157.6
1787353200,164.97
1787354100,161.34
1787355000,160.01
1787355900,159.82
1787356800,159.97
1787357700,156.91
1787358600,159.9
1787359500,158.07
1787360400,160.23
1787361300,155.99
1787362200,153.7
1787363100,147.64
1787364000,154.29
1787364900,149.62
1787365800,145.26
1787366700,144.83
1787367600,147.67
1787368500,143.8
1787369400,144.19
1787370300,146.37
1787371200,153.82
1787372100,156.7
1787373000,155.67
1787373900,149.37
1787374800,159.74
1787375700,146.89
1787376600,139.3
1787377500,130.09
1787378400,147.32
1787379300,138.0
1787380200,124.51
1787381100,102.69
1787382000,110.75
1787382900,98.63
1787383800,85.01
1787384700,66.68
1787385600,78.38
1787386500,64.13
1787387400,38.57
1787388300,20.1
1787389200,41.97
1787390100,20.59
1787391000,10.22
1787391900,6.47
1787392800,3.02
1787393700,0.96
1787394600,0.01
1787395500,0.0
1787396400,0.0
1787397300,0.0
1787398200,-0.01
1787399100,-0.01
1787400000,-0.01
1787400900,-0.01
1787401800,-0.01
1787402700,-0.01
1787403600,-0.06
1787404500,-0.14
1787405400,-0.1
1787406300,-0.09
1787407200,-0.01
1787408100,0.0
1787409000,0.0
1787409900,0.0
1787410800,0.01
1787411700,2.05
1787412600,39.51
1787413500,71.99
1787414400,76.32
1787415300,95.15
1787416200,113.99
1787417100,134.83
1787418000,132.5
1787418900,141.86
1787419800,157.56
1787420700,164.68
1787421600,146.99
1787422500,156.78
1787423400,169.75
1787424300,183.13
1787425200,172.56
1787426100,170.74
1787427000,165.85
1787427900,163.66
1787428800,166.18
1787429700,158.41
1787430600,152.26
1787431500,145.98
1787432400,146.75
1787433300,142.34
1787434200,139.28
1787435100,136.11
1787436000,140.99
1787436900,133.96
1787437800,129.02
1787438700,126.72
1787439600,131.2
1787440500,126.69
1787441400,124.79
1787442300,120.6
1787443200,126.28
1787444100,119.75
1787445000,117.56
1787445900,113.87
1787446800,117.57
1787447700,116.43
1787448600,115.74
1787449500,115.1
1787450400,117.63
1787451300,113.72
1787452200,113.64
1787453100,113.98
1787454000,116.5
1787454900,115.39
1787455800,117.78
1787456700,117.27
1787457600,119.5
1787458500,117.25
1787459400,116.62
1787460300,113.46
1787461200,115.99
1787462100,111.99
1787463000,100.0
1787463900,80.39
1787464800,95.58
1787465700,72.0
1787466600,25.56
1787467500,6.18
1787468400,4.48
1787469300,0.05
1787470200,-0.13
1787471100,-0.38
1787472000,-0.19
1787472900,-0.44
1787473800,-0.64
1787474700,-1.01
1787475600,-1.0
1787476500,-1.62
1787477400,-2.03
1787478300,-2.67
1787479200,-2.99
1787480100,-3.17
1787481000,-2.99
1787481900,-2.99
1787482800,-3.52
1787483700,-4.99
1787484600,-5.44
1787485500,-6.04
1787486400,-6.21
1787487300,-5.07
1787488200,-3.04
1787489100,-2.61
1787490000,-2.01
1787490900,-1.73
1787491800,-1.0
1787492700,-1.17
1787493600,-1.03
1787494500,-1.0
1787495400,-0.1
1787496300,0.0
1787497200,0.07
1787498100,10.71
1787499000,70.68
1787499900,112.04
1787500800,104.2
1787501700,129.33
1787502600,161.71
1787503500,182.45
1787504400,165.07
1787505300,177.63
1787506200,189.05
1787507100,189.05
1787508000,188.4
1787508900,187.17
1787509800,185.37
1787510700,182.62
1787511600,179.93
1787512500,179.07
1787513400,176.95
1787514300,176.25
1787515200,174.86
1787516100,173.54
1787517000,172.48
1787517900,169.83
1787518800,168.91
1787519700,166.69
1787520600,166.12
1787521500,160.08
1787522400,164.69
1787523300,162.16
1787524200,161.58
1787525100,155.29
1787526000,160.04
1787526900,154.13
1787527800,149.59
1787528700,146.73
1787529600,148.2
1787530500,147.5
1787531400,147.83
1787532300,148.0
1787533200,149.54
1787534100,149.94
1787535000,148.36
1787535900,147.1
1787536800,147.16
1787537700,149.0
1787538600,151.54
1787539500,157.49
1787540400,152.5
1787541300,166.85
1787542200,179.34
1787543100,191.99
1787544000,180.77
1787544900,196.38
1787545800,222.35
1787546700,223.18
1787547600,233.26
1787548500,220.85
1787549400,192.17
1787550300,179.32
1787551200,204.1
1787552100,180.13
1787553000,170.39
1787553900,152.5
1787554800,175.0
1787555700,150.19
1787556600,126.7
1787557500,113.49
1787558400,136.35
1787559300,119.76
1787560200,110.24
1787561100,83.94
1787562000,104.54
1787562900,82.3
1787563800,74.15
1787564700,60.05
1787565600,62.04
1787566500,52.84
1787567400,57.68
1787568300,49.97
1787569200,48.81
1787570100,40.64
1787571000,27.0
1787571900,20.13
1787572800,31.67
1787573700,39.89
1787574600,33.63
1787575500,37.44
1787576400,50.24
1787577300,59.01
1787578200,84.32
1787579100,96.42
1787580000,71.89
1787580900,99.39
1787581800,110.25
1787582700,126.82
1787583600,112.65
1787584500,130.4
1787585400,156.43
1787586300,174.36
1787587200,155.96
1787588100,173.53
1787589000,184.38
1787589900,215.47
1787590800,188.3
1787591700,209.39
1787592600,229.87
1787593500,249.92
1787594400,239.9
1787595300,224.86
1787596200,216.36
1787597100,196.99
1787598000,199.0
1787598900,193.23
1787599800,183.05
1787600700,176.83
1787601600,176.54
1787602500,173.52
1787603400,169.99
1787604300,167.05
1787605200,163.19
1787606100,157.08
1787607000,154.12
1787607900,144.51
1787608800,155.82
1787609700,154.66
1787610600,151.45
1787611500,147.43
1787612400,152.74
1787613300,145.42
1787614200,144.74
1787615100,144.4
1787616000,144.01
1787616900,141.92
1787617800,142.19
1787618700,141.54
1787619600,139.87
1787620500,139.8
1787621400,139.86
1787622300,140.49
1787623200,139.94
1787624100,141.0
1787625000,141.55
1787625900,143.99
1787626800,144.99
1787627700,145.66
1787628600,150.6
1787629500,157.07
1787630400,164.7
1787631300,170.99
1787632200,173.37
1787633100,176.6
1787634000,184.84
1787634900,185.05
1787635800,181.76
1787636700,170.99
1787637600,187.63
1787638500,173.97
1787639400,166.16
1787640300,157.86
1787641200,165.47
1787642100,152.68
1787643000,135.91
1787643900,127.69
1787644800,140.49
1787645700,122.67
1787646600,113.0
1787647500,93.68
1787648400,108.4
1787649300,92.72
1787650200,72.98
1787651100,58.48
1787652000,79.08
1787652900,62.6
1787653800,67.03
1787654700,59.92
1787655600,69.99
1787656500,62.38
1787657400,58.53
1787658300,57.93
1787659200,56.63
1787660100,60.02
1787661000,73.79
1787661900,83.41
1787662800,67.26
1787663700,78.57
1787664600,92.24
1787665500,101.92
1787666400,91.07
1787667300,111.5
1787668200,118.01
1787669100,137.03
1787670000,118.68
1787670900,138.7
1787671800,159.85
1787672700,170.98
1787673600,154.99
1787674500,172.0
1787675400,186.91
1787676300,201.23
1787677200,193.07
1787678100,205.65
1787679000,219.86
1787679900,218.65
1787680800,200.32
1787681700,212.58
1787682600,211.73
1787683500,195.94
1787684400,192.1
1787685300,186.95
1787686200,178.93
1787687100,171.99
1787688000,175.87
1787688900,172.57
1787689800,176.25
1787690700,164.38
1787691600,167.84
1787692500,161.33
1787693400,161.29
1787694300,148.18
1787695200,180.19
1787696100,165.74
1787697000,157.29
1787697900,152.89
1787698800,161.06
1787699700,156.44
1787700600,156.64
1787701500,154.09
1787702400,152.29
1787703300,151.95
1787704200,151.23
1787705100,151.1
1787706000,149.78
1787706900,148.95
1787707800,150.01
1787708700,149.66
1787709600,149.86
1787710500,150.39
1787711400,151.95
1787712300,154.83
1787713200,150.58
1787714100,156.97
1787715000,163.26
1787715900,171.05
1787716800,173.79
1787717700,185.5
1787718600,190.07
1787719500,191.16
1787720400,199.35
1787721300,198.92
1787722200,194.48
1787723100,189.4
1787724000,212.12
1787724900,204.49
1787725800,186.55
1787726700,170.92
1787727600,191.26
1787728500,173.42
1787729400,157.54
1787730300,144.27
1787731200,165.21
1787732100,135.93
1787733000,128.23
1787733900,120.55
1787734800,132.06
1787735700,125.1
1787736600,119.8
1787737500,105.68
1787738400,112.77
1787739300,94.25
1787740200,97.47
1787741100,89.93
1787742000,101.01
1787742900,91.06
1787743800,85.01
1787744700,81.08
1787745600,90.48
1787746500,90.76
1787747400,91.87
1787748300,94.77
1787749200,93.62
1787750100,100.66
1787751000,104.3
1787751900,111.63
1787752800,108.35
1787753700,117.55
1787754600,122.93
1787755500,141.2
1787756400,125.31
1787757300,149.7
1787758200,173.0
1787759100,179.87
1787760000,160.51
1787760900,173.58
1787761800,191.78
1787762700,216.63
1787763600,193.34
1787764500,206.64
1787765400,218.91
1787766300,226.09
1787767200,218.8
1787768100,206.45
1787769000,195.66
1787769900,186.2
1787770800,188.82
1787771700,180.72
1787772600,177.31
1787773500,167.92
1787774400,172.29
1787775300,165.95
1787776200,164.16
1787777100,151.95
1787778000,161.94
1787778900,152.79
1787779800,150.0
1787780700,139.72
1787781600,155.22
1787782500,149.8
1787783400,147.17
1787784300,142.03
1787785200,149.56
1787786100,142.95
1787787000,141.73
1787787900,134.46
1787788800,138.69
1787789700,134.86
1787790600,134.18
1787791500,132.95
1787792400,135.43
1787793300,134.02
1787794200,134.31
1787795100,133.93
1787796000,133.7
1787796900,134.13
1787797800,136.66
1787798700,140.27
1787799600,139.14
1787800500,139.4
1787801400,147.27
1787802300,160.43
1787803200,160.45
1787804100,169.22
1787805000,170.35
1787805900,170.31
1787806800,176.04
1787807700,176.34
1787808600,174.79
1787809500,169.41
1787810400,176.02
1787811300,170.22
1787812200,157.54
1787813100,137.77
1787814000,151.28
1787814900,132.34
1787815800,116.91
1787816700,98.08
1787817600,126.98
1787818500,116.1
1787819400,94.98
1787820300,78.35
1787821200,105.06
1787822100,71.31
1787823000,40.0
1787823900,13.94
1787824800,31.59
1787825700,23.84
1787826600,20.09
1787827500,11.21
1787828400,10.02
1787829300,10.05
1787830200,6.16
1787831100,0.06
1787832000,0.09
1787832900,10.03
1787833800,20.05
1787834700,26.6
1787835600,22.36
1787836500,30.01
1787837400,54.58
1787838300,74.58
1787839200,51.04
1787840100,93.31
1787841000,112.93
1787841900,127.32
1787842800,115.08
1787843700,128.97
1787844600,154.02
1787845500,168.73
1787846400,151.75
1787847300,169.48
1787848200,177.02
1787849100,197.0
1787850000,184.45
1787850900,194.52
1787851800,205.99
1787852700,212.09
1787853600,205.74
1787854500,192.87
1787855400,187.8
1787856300,179.54
1787857200,192.13
1787858100,180.12
1787859000,171.99
1787859900,159.44
1787860800,175.56
1787861700,170.0
1787862600,159.68
1787863500,154.44
1787864400,159.9
1787865300,153.16
1787866200,149.08
1787867100,139.42
1787868000,141.01
1787868900,141.92
1787869800,139.0
1787870700,136.16
1787871600,141.81
1787872500,138.66
1787873400,138.02
1787874300,138.66
1787875200,137.18
1787876100,138.68
1787877000,140.51
1787877900,136.6
1787878800,140.89
1787879700,139.62
1787880600,138.26
1787881500,136.43
1787882400,137.11
1787883300,139.44
1787884200,139.96
1787885100,139.85
1787886000,137.37
1787886900,141.3
1787887800,148.48
1787888700,159.92
1787889600,164.48
1787890500,172.23
1787891400,174.29
1787892300,173.03
1787893200,179.81
1787894100,180.26
1787895000,177.41
1787895900,174.44
1787896800,187.4
1787897700,172.74
1787898600,162.59
1787899500,155.15
1787900400,161.87
1787901300,161.77
1787902200,151.21
1787903100,145.76
1787904000,155.0
1787904900,142.59
1787905800,130.66
1787906700,122.31
1787907600,129.06
1787908500,122.65
1787909400,117.81
1787910300,116.81
1787911200,112.08
1787912100,108.98
1787913000,112.94
1787913900,109.56
1787914800,98.45
1787915700,93.85
1787916600,100.58
1787917500,92.07
1787918400,102.01
1787919300,100.0
1787920200,106.26
1787921100,107.73
1787922000,109.55
1787922900,112.23
1787923800,116.41
1787924700,119.29
1787925600,111.35
1787926500,118.32
1787927400,122.23
1787928300,126.34
1787929200,116.99
1787930100,135.97
1787931000,156.76
1787931900,163.09
1787932800,144.39
1787933700,160.89
1787934600,167.3
1787935500,169.34
1787936400,154.89
1787937300,165.82
1787938200,175.5
1787939100,193.95
1787940000,174.88
1787940900,177.73
1787941800,180.83
1787942700,173.64
1787943600,176.3
1787944500,168.12
1787945400,166.01
1787946300,154.01
1787947200,171.44
1787948100,162.3
1787949000,161.4
1787949900,150.64
1787950800,157.08
1787951700,150.8
1787952600,141.55
1787953500,131.1
1787954400,141.58
1787955300,135.4
1787956200,127.97
1787957100,117.12
1787958000,117.5
1787958900,114.51
1787959800,110.37
1787960700,107.04
1787961600,107.51
1787962500,101.93
1787963400,100.07
1787964300,91.68
1787965200,97.47
1787966100,91.82
1787967000,91.19
1787967900,92.52
1787968800,96.99
1787969700,93.91
1787970600,91.6
1787971500,89.52
1787972400,99.26
1787973300,95.12
1787974200,95.23
1787975100,96.71
1787976000,97.2
1787976900,97.47
1787977800,97.19
1787978700,96.68
1787979600,107.2
1787980500,103.88
1787981400,100.79
1787982300,93.09
1787983200,106.11
1787984100,83.69
1787985000,41.79
1787985900,10.09
1787986800,18.4
1787987700,0.06
1787988600,-0.01
1787989500,-0.15
1787990400,-0.01
1787991300,-0.1
1787992200,-0.51
1787993100,-0.75
1787994000,-1.1
1787994900,-1.35
1787995800,-1.39
1787996700,-1.58
1787997600,-1.57
1787998500,-1.78
1787999400,-1.88
1788000300,-2.02
1788001200,-1.91
1788002100,-1.89
1788003000,-1.69
1788003900,-1.56
1788004800,-1.53
1788005700,-1.29
1788006600,-1.0
1788007500,-0.88
1788008400,-0.08
1788009300,-0.01
1788010200,0.0
1788011100,0.0
1788012000,0.0
1788012900,1.66
1788013800,30.88
1788014700,65.78
1788015600,51.44
1788016500,100.78
1788017400,131.42
1788018300,168.33
1788019200,146.48
1788020100,152.72
1788021000,185.46
1788021900,201.35
1788022800,183.9
1788023700,191.92
1788024600,205.57
1788025500,214.47
1788026400,217.5
1788027300,198.94
1788028200,181.76
1788029100,180.92
1788030000,205.71
1788030900,179.29
1788031800,166.74
1788032700,158.33
1788033600,181.9
1788034500,162.32
1788035400,158.1
1788036300,151.65
1788037200,150.77
1788038100,146.47
1788039000,145.54
1788039900,139.68
1788040800,135.07
1788041700,124.31
1788042600,110.72
1788043500,99.62
1788044400,108.66
1788045300,103.92
1788046200,101.17
1788047100,96.6
1788048000,98.6
1788048900,88.17
1788049800,80.99
1788050700,76.38
1788051600,89.37
1788052500,79.85
1788053400,75.68
1788054300,66.85
1788055200,71.26
1788056100,67.43
1788057000,68.94
1788057900,69.88
1788058800,74.01
1788059700,71.36
1788060600,72.66
1788061500,73.82
1788062400,67.01
1788063300,70.42
1788064200,72.91
1788065100,73.24
1788066000,75.74
1788066900,62.34
1788067800,55.88
1788068700,42.22
1788069600,35.0
1788070500,20.02
1788071400,8.83
1788072300,0.09
1788073200,0.85
1788074100,0.0
1788075000,-0.08
1788075900,-0.82
1788076800,-0.08
1788077700,-0.09
1788078600,-0.12
1788079500,-0.12
1788080400,-0.15
1788081300,-0.14
1788082200,-0.15
1788083100,-0.17
1788084000,-0.99
1788084900,-1.0
1788085800,-1.0
1788086700,-1.09
1788087600,-1.02
1788088500,-1.04
1788089400,-1.06
1788090300,-1.09
1788091200,-1.19
1788092100,-1.03
1788093000,-1.0
1788093900,-1.0
1788094800,-0.14
1788095700,-0.12
1788096600,-0.12
1788097500,-0.11
1788098400,-0.45
1788099300,-0.1
1788100200,-0.01
1788101100,0.52
1788102000,4.15
1788102900,33.64
1788103800,74.59
1788104700,137.41
1788105600,110.7
1788106500,161.07
1788107400,181.26
1788108300,200.54
1788109200,169.46
1788110100,180.69
1788111000,187.98
1788111900,198.53
1788112800,174.45
1788113700,184.63
1788114600,201.43
1788115500,212.27
1788116400,203.93
1788117300,200.01
1788118200,187.92
1788119100,179.83
1788120000,189.32
1788120900,180.06
1788121800,181.03
1788122700,175.34
1788123600,178.71
1788124500,167.37
1788125400,166.57
1788126300,162.5
1788127200,188.79
1788128100,174.97
1788129000,170.0
1788129900,166.15
1788130800,168.52
1788131700,165.32
1788132600,159.92
1788133500,158.69
1788134400,164.22
1788135300,153.74
1788136200,148.26
1788137100,146.74
1788138000,152.12
1788138900,149.14
1788139800,146.18
1788140700,143.75
1788141600,143.1
1788142500,141.57
1788143400,141.91
1788144300,143.06
1788145200,142.29
1788146100,141.18
1788147000,143.09
1788147900,150.27
1788148800,150.71
1788149700,154.47
1788150600,157.17
1788151500,158.65
1788152400,164.35
1788153300,165.12
1788154200,165.69
1788155100,164.69
1788156000,184.41
1788156900,174.58
1788157800,160.51
1788158700,130.0
1788159600,174.51
1788160500,136.66
1788161400,108.97
1788162300,85.99
1788163200,91.0
1788164100,47.39
1788165000,15.0
1788165900,0.01
1788166800,0.08
1788167700,0.0
1788168600,0.0
1788169500,0.0
1788170400,-0.01
1788171300,-0.04
1788172200,-0.08
1788173100,-0.1
1788174000,-0.76
1788174900,-1.0
1788175800,-1.01
1788176700,-1.01
1788177600,-1.09
1788178500,-1.01
1788179400,-1.01
1788180300,-1.0
1788181200,-0.18
1788182100,-0.1
1788183000,-0.04
1788183900,-0.01
1788184800,-0.02
1788185700,-0.01
1788186600,0.0
1788187500,4.03
1788188400,6.56
1788189300,60.42
1788190200,105.82
1788191100,119.28
1788192000,122.86
1788192900,142.02
1788193800,166.99
1788194700,199.84
1788195600,166.99
1788196500,177.6
1788197400,180.34
1788198300,207.51
1788199200,177.57
1788200100,190.95
1788201000,197.6
1788201900,190.48
1788202800,207.61
1788203700,181.8
1788204600,175.94
1788205500,163.8
1788206400,176.2
1788207300,170.0
1788208200,172.94
1788209100,167.06
1788210000,163.85
1788210900,156.54
1788211800,154.05
1788212700,146.69
1788213600,163.91
1788214500,157.62
1788215400,149.56
1788216300,147.26
1788217200,149.84
1788218100,146.05
1788219000,146.19
1788219900,144.35
1788220800,141.7
1788221700,145.1
1788222600,139.15
1788223500,139.53
1788224400,140.14
1788225300,142.21
1788226200,143.87
1788227100,142.99
1788228000,146.9
1788228900,144.61
1788229800,145.1
1788230700,146.99
1788231600,146.84
1788232500,150.59
1788233400,161.45
1788234300,167.83
1788235200,177.72
1788236100,188.86
1788237000,191.95
1788237900,195.3
1788238800,206.59
1788239700,210.78
1788240600,206.63
1788241500,196.6
1788242400,215.93
1788243300,202.0
1788244200,187.5
1788245100,165.55
1788246000,185.44
1788246900,162.85
1788247800,135.55
1788248700,113.99
1788249600,134.9
1788250500,121.51
1788251400,116.87
1788252300,105.77
1788253200,111.31
1788254100,96.33
1788255000,81.06
1788255900,71.29
1788256800,65.06
1788257700,52.58
1788258600,45.97
1788259500,40.0
1788260400,36.88
1788261300,31.73
1788262200,25.81
1788263100,22.07
1788264000,27.77
1788264900,34.71
1788265800,29.82
1788266700,40.09
1788267600,36.54
1788268500,40.78
1788269400,59.05
1788270300,68.37
1788271200,60.01
1788272100,83.65
1788273000,110.45
1788273900,122.16
1788274800,111.16
1788275700,126.97
1788276600,151.65
1788277500,170.25
1788278400,140.7
1788279300,173.85
1788280200,191.08
1788281100,203.4
1788282000,197.88
1788282900,204.88
1788283800,221.05
1788284700,233.13
1788285600,223.64
1788286500,231.81
1788287400,236.92
1788288300,234.03
1788289200,228.5
1788290100,220.07
1788291000,217.07
1788291900,206.0
1788292800,212.26
1788293700,199.62
1788294600,195.1
1788295500,190.9
1788296400,188.9
1788297300,179.81
1788298200,176.62
1788299100,172.04
1788300000,189.59
1788300900,177.14
1788301800,165.59
1788302700,150.54
1788303600,166.28
1788304500,163.47
1788305400,161.85
1788306300,157.08
1788307200,159.21
1788308100,151.86
1788309000,150.78
1788309900,150.25
1788310800,148.22
1788311700,149.2
1788312600,149.27
1788313500,147.73
1788314400,149.39
1788315300,149.4
1788316200,148.29
1788317100,149.84
1788318000,153.93
1788318900,161.71
1788319800,166.45
1788320700,180.18
1788321600,183.91
1788322500,192.12
1788323400,196.96
1788324300,204.95
1788325200,209.43
1788326100,208.63
1788327000,205.46
1788327900,201.03
1788328800,216.25
1788329700,205.93
1788330600,194.87
1788331500,174.99
1788332400,192.02
1788333300,176.87
1788334200,164.87
1788335100,142.62
1788336000,148.96
1788336900,138.36
1788337800,134.9
1788338700,122.28
1788339600,126.15
1788340500,118.1
1788341400,111.85
1788342300,104.11
1788343200,107.42
1788344100,104.82
1788345000,102.3
1788345900,102.77
1788346800,97.46
1788347700,91.75
1788348600,90.85
1788349500,86.61
1788350400,97.59
1788351300,97.0
1788352200,98.61
1788353100,103.25
1788354000,101.81
1788354900,109.48
1788355800,115.71
1788356700,114.58
1788357600,116.27
1788358500,127.12
1788359400,139.95
1788360300,154.41
1788361200,142.03
1788362100,161.22
1788363000,179.59
1788363900,190.91
1788364800,175.3
1788365700,193.75
1788366600,202.58
1788367500,216.13
1788368400,220.7
1788369300,235.18
1788370200,248.22
1788371100,251.31
1788372000,251.02
1788372900,237.2
1788373800,240.61
1788374700,243.96
1788375600,232.27
1788376500,215.08
1788377400,210.74
1788378300,197.39
1788379200,200.09
1788380100,194.28
1788381000,198.39
1788381900,187.0
1788382800,177.97
1788383700,167.14
1788384600,163.31
1788385500,152.43
1788386400,201.22
1788387300,179.41
1788388200,170.26
1788389100,163.65
1788390000,180.35
1788390900,168.09
1788391800,169.83
1788392700,163.22
1788393600,171.82
1788394500,155.96
1788395400,148.68
1788396300,145.64
1788397200,146.54
1788398100,147.68
1788399000,146.55
1788399900,143.24
1788400800,146.48
1788401700,144.7
1788402600,143.28
1788403500,138.12
1788404400,145.41
1788405300,142.19
1788406200,145.74
1788407100,155.37
1788408000,160.33
1788408900,176.02
1788409800,181.05
1788410700,180.36
1788411600,194.95
1788412500,193.67
1788413400,187.37
1788414300,180.81
1788415200,206.0
1788416100,187.2
1788417000,176.99
1788417900,150.0
1788418800,185.21
1788419700,156.62
1788420600,135.0
1788421500,121.5
1788422400,132.3
1788423300,120.01
1788424200,115.29
1788425100,103.05
1788426000,110.02
1788426900,99.72
1788427800,72.44
1788428700,60.42
1788429600,81.72
1788430500,50.67
1788431400,38.99
1788432300,29.71
1788433200,33.98
1788434100,28.98
1788435000,22.59
1788435900,14.45
1788436800,25.45
1788437700,16.82
1788438600,20.8
1788439500,20.49
1788440400,20.82
1788441300,22.38
1788442200,29.35
1788443100,24.93
1788444000,40.03
1788444900,46.66
1788445800,71.87
1788446700,86.99
1788447600,78.72
1788448500,106.62
1788449400,135.3
1788450300,148.36
1788451200,134.9
1788452100,153.65
1788453000,164.29
1788453900,167.75
1788454800,170.59
1788455700,179.1
1788456600,185.85
1788457500,188.77
1788458400,186.5
1788459300,205.99
1788460200,217.56
1788461100,207.54
1788462000,213.57
1788462900,194.13
1788463800,187.28
1788464700,175.23
1788465600,184.77
1788466500,167.81
1788467400,173.84
1788468300,173.12
1788469200,164.64
1788470100,161.32
1788471000,170.71
1788471900,152.16
1788472800,147.64
1788473700,138.83
1788474600,131.96
1788475500,124.53
1788476400,132.68
1788477300,125.01
1788478200,123.28
1788479100,118.36
1788480000,119.56
1788480900,117.12
1788481800,118.05
1788482700,115.78
1788483600,118.86
1788484500,118.51
1788485400,116.34
1788486300,118.18
1788487200,115.09
1788488100,115.4
1788489000,115.57
1788489900,116.03
1788490800,119.95
1788491700,122.88
1788492600,121.01
1788493500,128.89
1788494400,137.42
1788495300,156.0
1788496200,158.85
1788497100,158.05
1788498000,173.2
1788498900,166.48
1788499800,165.15
1788500700,160.43
1788501600,166.07
1788502500,163.93
1788503400,156.48
1788504300,147.0
1788505200,147.7
1788506100,131.6
1788507000,98.6
1788507900,39.04
1788508800,102.11
1788509700,82.64
1788510600,40.71
1788511500,5.92
1788512400,34.99
1788513300,8.77
1788514200,0.04
1788515100,0.0
1788516000,0.0
1788516900,0.0
1788517800,0.0
1788518700,-0.01
1788519600,-0.02
1788520500,-0.04
1788521400,-0.07
1788522300,-0.09
1788523200,-0.13
1788524100,-0.14
1788525000,-0.15
1788525900,-0.14
1788526800,-0.15
1788527700,-0.12
1788528600,-0.07
1788529500,-0.07
1788530400,-0.05
1788531300,-0.01
1788532200,0.0
1788533100,0.0
1788534000,0.0
1788534900,4.51
1788535800,50.0
1788536700,93.14
1788537600,73.16
1788538500,106.16
1788539400,124.28
1788540300,127.82
1788541200,131.86
1788542100,134.37
1788543000,135.27
1788543900,138.89
1788544800,136.29
1788545700,135.83
1788546600,136.32
1788547500,136.39
1788548400,136.04
1788549300,130.85
1788550200,126.25
1788551100,120.51
1788552000,122.86
1788552900,119.12
1788553800,112.15
1788554700,102.64
1788555600,102.65
1788556500,94.78
1788557400,89.03
1788558300,78.95
1788559200,65.01
1788560100,65.12
1788561000,60.01
1788561900,56.4
1788562800,60.42
1788563700,60.0
1788564600,60.49
1788565500,60.03
1788566400,61.14
1788567300,60.06
1788568200,59.0
1788569100,60.09
1788570000,56.78
1788570900,56.16
1788571800,53.76
1788572700,55.33
1788573600,51.45
1788574500,52.42
1788575400,51.31
1788576300,50.01
1788577200,52.69
1788578100,52.39
1788579000,54.89
1788579900,56.19
1788580800,60.06
1788581700,57.4
1788582600,55.01
1788583500,54.82
1788584400,65.76
1788585300,66.73
1788586200,60.05
1788587100,52.51
1788588000,61.77
1788588900,50.01
1788589800,30.0
1788590700,7.76
1788591600,4.16
1788592500,0.0
1788593400,-0.01
1788594300,-0.11
1788595200,-0.04
1788596100,-0.13
1788597000,-1.0
1788597900,-2.02
1788598800,-3.02
1788599700,-4.92
1788600600,-4.99
1788601500,-6.81
1788602400,-6.74
1788603300,-7.99
1788604200,-8.94
1788605100,-12.18
1788606000,-15.0
1788606900,-16.61
1788607800,-19.0
1788608700,-19.0
1788609600,-19.0
1788610500,-19.0
1788611400,-19.0
1788612300,-18.98
1788613200,-15.0
1788614100,-10.0
1788615000,-8.0
1788615900,-7.0
1788616800,-5.66
1788617700,-4.74
1788618600,-2.02
1788619500,-1.0
1788620400,-0.13
1788621300,-0.01
1788622200,0.0
1788623100,0.01
1788624000,0.06
1788624900,33.44
1788625800,46.19
1788626700,76.83
1788627600,87.2
1788628500,103.34
1788629400,105.51
1788630300,114.91
1788631200,115.25
1788632100,115.66
1788633000,118.15
1788633900,114.91
1788634800,115.31
1788635700,111.71
1788636600,107.78
1788637500,104.81
1788638400,110.79
1788639300,109.21
1788640200,106.69
1788641100,104.72
1788642000,101.63
1788642900,99.61
1788643800,102.84
1788644700,99.75
1788645600,137.91
1788646500,134.93
1788647400,128.97
1788648300,111.09
1788649200,129.99
1788650100,121.01
1788651000,124.7
1788651900,129.67
1788652800,136.79
1788653700,137.11
1788654600,135.83
1788655500,132.01
1788656400,136.89
1788657300,135.24
1788658200,134.78
1788659100,134.99
1788660000,138.84
1788660900,140.0
1788661800,142.26
1788662700,145.0
1788663600,140.0
1788664500,140.97
1788665400,145.39
1788666300,143.77
1788667200,142.19
1788668100,144.27
1788669000,144.73
1788669900,141.77
1788670800,144.18
1788671700,138.41
1788672600,129.9
1788673500,119.91
1788674400,137.76
1788675300,123.48
1788676200,97.95
1788677100,79.12
1788678000,77.82
1788678900,53.4
1788679800,10.29
1788680700,5.74
1788681600,1.74
1788682500,0.28
1788683400,0.01
1788684300,0.0
1788685200,0.0
1788686100,0.0
1788687000,-0.01
1788687900,-0.13
1788688800,-0.49
1788689700,-1.19
1788690600,-1.3
1788691500,-1.48
1788692400,-1.63
1788693300,-1.81
1788694200,-1.74
1788695100,-1.35
1788696000,-1.46
1788696900,-1.0
1788697800,-0.1
1788698700,-0.06
1788699600,-0.02
1788700500,-0.01
1788701400,0.0
1788702300,0.01
1788703200,0.01
1788704100,1.94
1788705000,20.0
1788705900,57.83
1788706800,57.23
1788707700,92.4
1788708600,150.74
1788709500,192.31
1788710400,154.52
1788711300,181.83
1788712200,205.87
1788713100,234.2
1788714000,199.96
1788714900,221.99
1788715800,225.53
1788716700,240.47
1788717600,224.99
1788718500,228.57
1788719400,235.06
1788720300,222.0
1788721200,230.95
1788722100,207.44
1788723000,200.0
1788723900,186.23
1788724800,203.97
1788725700,191.26
1788726600,185.8
1788727500,176.51
1788728400,182.34
1788729300,171.84
1788730200,170.43
1788731100,153.72
1788732000,169.99
1788732900,156.71
1788733800,149.59
1788734700,145.72
1788735600,157.22
1788736500,150.11
1788737400,149.43
1788738300,146.67
1788739200,149.07
1788740100,149.01
1788741000,148.34
1788741900,146.85
1788742800,150.43
1788743700,147.39
1788744600,147.36
1788745500,147.67
1788746400,147.59
1788747300,149.44
1788748200,150.73
1788749100,159.61
1788750000,154.8
1788750900,165.06
1788751800,178.47
1788752700,193.15
1788753600,194.31
1788754500,205.99
1788755400,211.67
1788756300,217.93
1788757200,220.52
1788758100,224.05
1788759000,222.12
1788759900,214.76
1788760800,230.04
1788761700,219.95
1788762600,206.24
1788763500,193.0
1788764400,208.65
1788765300,198.7
1788766200,164.63
1788767100,149.2
1788768000,161.55
1788768900,152.78
1788769800,141.4
1788770700,124.35
1788771600,144.03
1788772500,125.66
1788773400,109.08
1788774300,101.34
1788775200,107.13
1788776100,93.86
1788777000,67.51
1788777900,50.01
1788778800,60.42
1788779700,44.21
1788780600,37.27
1788781500,24.63
1788782400,30.59
1788783300,30.73
1788784200,30.75
1788785100,34.44
1788786000,38.93
1788786900,54.02
1788787800,75.15
1788788700,84.5
1788789600,58.54
1788790500,91.77
1788791400,126.18
1788792300,155.9
1788793200,115.17
1788794100,148.22
1788795000,171.0
1788795900,211.79
1788796800,174.05
1788797700,192.26
1788798600,206.0
1788799500,252.97
1788800400,221.99
1788801300,236.38
1788802200,253.66
1788803100,248.16
1788804000,229.04
1788804900,235.0
1788805800,240.58
1788806700,227.45
1788807600,234.07
1788808500,207.99
1788809400,198.52
1788810300,180.07
1788811200,194.52
1788812100,188.36
1788813000,185.58
1788813900,180.0
1788814800,179.98
1788815700,171.79
1788816600,169.45
1788817500,161.59
1788818400,205.99
1788819300,176.28
1788820200,167.94
1788821100,164.51
1788822000,175.18
1788822900,168.04
1788823800,166.24
1788824700,160.31
1788825600,157.19
1788826500,154.88
1788827400,155.48
1788828300,155.34
1788829200,151.3
1788830100,153.05
1788831000,152.59
1788831900,152.77
1788832800,151.47
1788833700,152.27
1788834600,153.16
1788835500,151.0
1788836400,154.02
1788837300,158.86
1788838200,168.81
1788839100,187.82
1788840000,186.85
1788840900,202.8
1788841800,210.0
1788842700,212.51
1788843600,244.43
1788844500,228.33
1788845400,216.47
1788846300,212.47
1788847200,230.01
1788848100,215.61
1788849000,199.98
1788849900,157.34
1788850800,199.88
1788851700,167.36
1788852600,138.54
1788853500,105.14
1788854400,149.48
1788855300,129.98
1788856200,99.48
1788857100,50.0
1788858000,95.44
1788858900,67.56
1788859800,44.59
1788860700,21.36
1788861600,30.0
1788862500,23.19
1788863400,10.06
1788864300,3.95
1788865200,7.82
1788866100,0.09
1788867000,0.02
1788867900,0.01
1788868800,0.01
1788869700,0.01
1788870600,0.03
1788871500,6.53
1788872400,14.97
1788873300,32.28
1788874200,66.02
1788875100,81.26
1788876000,15.43
1788876900,50.0
1788877800,109.27
1788878700,139.8
1788879600,110.2
1788880500,144.49
1788881400,171.67
1788882300,210.11
1788883200,157.42
1788884100,199.94
1788885000,209.0
1788885900,235.96
1788886800,213.0
1788887700,229.32
1788888600,254.26
1788889500,266.45
1788890400,271.63
1788891300,266.83
1788892200,255.57
1788893100,235.31
1788894000,245.31
1788894900,221.84
1788895800,211.61
1788896700,197.0
1788897600,206.91
1788898500,197.09
1788899400,194.25
1788900300,185.77
1788901200,191.0
1788902100,180.44
1788903000,177.02
1788903900,161.33
1788904800,150.34
1788905700,151.09
1788906600,150.92
1788907500,147.48
1788908400,152.62
1788909300,146.63
1788910200,143.25
1788911100,140.79
1788912000,146.76
1788912900,145.21
1788913800,142.41
1788914700,138.97
1788915600,144.03
1788916500,138.76
1788917400,138.11
1788918300,137.01
1788919200,138.46
1788920100,137.92
1788921000,137.41
1788921900,137.65
1788922800,136.91
1788923700,138.57
1788924600,144.07
1788925500,149.94
1788926400,154.12
1788927300,174.92
1788928200,178.94
1788929100,188.04
1788930000,201.75
1788930900,200.21
1788931800,199.92
1788932700,197.18
1788933600,220.07
1788934500,202.0
1788935400,196.01
1788936300,173.85
1788937200,195.0
1788938100,163.76
1788939000,148.21
1788939900,135.06
1788940800,137.55
1788941700,132.12
1788942600,123.27
1788943500,100.61
1788944400,123.16
1788945300,108.99
1788946200,92.16
1788947100,79.98
1788948000,108.56
1788948900,87.89
1788949800,83.47
1788950700,72.24
1788951600,79.59
1788952500,70.35
1788953400,62.04
1788954300,56.34
1788955200,60.85
1788956100,62.65
1788957000,60.45
1788957900,62.33
1788958800,60.42
1788959700,69.59
1788960600,78.26
1788961500,83.48
1788962400,64.69
1788963300,82.99
1788964200,111.51
1788965100,123.21
1788966000,106.31
1788966900,129.12
1788967800,140.54
1788968700,152.26
1788969600,138.21
1788970500,167.25
1788971400,187.65
1788972300,201.63
1788973200,197.52
1788974100,202.25
1788975000,202.08
1788975900,206.29
1788976800,202.57
1788977700,200.8
1788978600,202.26
1788979500,203.8
1788980400,204.92
1788981300,198.0
1788982200,195.76
1788983100,187.37
1788984000,190.05
1788984900,175.81
1788985800,171.66
1788986700,162.42
1788987600,168.0
1788988500,155.4
1788989400,148.76
1788990300,140.85
1788991200,172.77
1788992100,160.0
1788993000,154.33
1788993900,153.62
1788994800,154.46
1788995700,159.26
1788996600,158.09
1788997500,157.58
1788998400,157.27
1788999300,156.21
1789000200,162.08
1789001100,162.37
1789002000,162.09
1789002900,163.29
1789003800,160.84
1789004700,163.3
1789005600,163.29
1789006500,165.99
1789007400,171.36
1789008300,177.96
1789009200,170.24
1789010100,177.14
1789011000,187.35
1789011900,200.93
1789012800,192.14
1789013700,206.18
1789014600,218.27
1789015500,226.77
1789016400,226.79
1789017300,234.0
1789018200,236.99
1789019100,229.94
1789020000,248.93
1789020900,227.5
1789021800,216.08
1789022700,195.67
1789023600,215.99
1789024500,195.01
1789025400,173.82
1789026300,155.09
1789027200,174.91
1789028100,151.1
1789029000,137.25
1789029900,122.2
1789030800,131.54
1789031700,117.81
1789032600,99.16
1789033500,73.77
1789034400,90.0
1789035300,75.98
1789036200,74.57
1789037100,66.02
1789038000,69.38
1789038900,62.38
1789039800,63.46
1789040700,69.34
1789041600,77.66
1789042500,89.36
1789043400,96.26
1789044300,103.76
1789045200,101.36
1789046100,112.92
1789047000,123.88
1789047900,132.54
1789048800,111.19
1789049700,143.2
1789050600,162.02
1789051500,181.78
1789052400,154.76
1789053300,184.41
1789054200,196.8
1789055100,215.62
1789056000,204.41
1789056900,238.38
1789057800,255.2
1789058700,302.01
1789059600,354.24
1789060500,401.56
1789061400,502.54
1789062300,585.1
1789063200,578.76
1789064100,471.93
1789065000,366.57
1789065900,300.06
1789066800,271.39
1789067700,268.06
1789068600,241.43
1789069500,238.01
1789070400,239.7
1789071300,226.41
1789072200,222.95
1789073100,211.3
1789074000,218.15
1789074900,210.54
1789075800,197.59
1789076700,171.33
1789077600,183.77
1789078500,186.09
1789079400,186.74
1789080300,180.73
1789081200,196.82
1789082100,178.05
1789083000,175.47
1789083900,172.53
1789084800,175.09
1789085700,172.37
1789086600,169.84
1789087500,168.31
1789088400,165.95
1789089300,163.53
1789090200,165.3
1789091100,163.75
1789092000,165.79
1789092900,167.12
1789093800,167.32
1789094700,168.53
1789095600,170.47
1789096500,173.85
1789097400,176.44
1789098300,183.4
1789099200,190.83
1789100100,200.27
1789101000,206.46
1789101900,213.49
1789102800,221.67
1789103700,223.94
1789104600,224.34
1789105500,222.52
1789106400,233.43
1789107300,223.82
1789108200,213.25
1789109100,186.31
1789110000,204.75
1789110900,200.49
1789111800,191.95
1789112700,180.75
1789113600,204.6
1789114500,175.08
1789115400,169.13
1789116300,164.05
1789117200,157.73
1789118100,151.08
1789119000,143.84
1789119900,136.81
1789120800,137.2
1789121700,124.01
1789122600,130.17
1789123500,137.2
1789124400,121.92
1789125300,129.24
1789126200,135.0
1789127100,139.88
1789128000,138.18
1789128900,145.02
1789129800,149.1
1789130700,153.55
1789131600,150.0
1789132500,153.59
1789133400,158.37
1789134300,172.6
1789135200,157.43
1789136100,175.28
1789137000,192.0
1789137900,201.9
1789138800,181.52
1789139700,205.93
1789140600,216.99
1789141500,233.01
1789142400,216.99
1789143300,238.03
1789144200,260.78
1789145100,278.16
1789146000,288.88
1789146900,299.67
1789147800,321.55
1789148700,326.46
1789149600,315.61
1789150500,294.94
1789151400,277.21
1789152300,267.9
1789153200,270.29
1789154100,245.22
1789155000,236.0
1789155900,228.79
1789156800,234.01
1789157700,225.01
1789158600,222.31
1789159500,218.53
1789160400,217.0
1789161300,207.0
1789162200,202.41
1789163100,192.02
1789164000,212.04
1789164900,206.52
1789165800,203.68
1789166700,198.88
1789167600,205.88
1789168500,199.05
1789169400,197.21
1789170300,194.0
1789171200,197.97
1789172100,198.57
1789173000,195.0
1789173900,194.0
1789174800,190.18
1789175700,189.82
1789176600,188.6
1789177500,188.6
1789178400,184.5
1789179300,182.43
1789180200,185.0
1789181100,185.0
1789182000,184.5
1789182900,185.2
1789183800,186.37
1789184700,190.73
1789185600,190.15
1789186500,192.74
1789187400,196.8
1789188300,193.07
1789189200,199.88
1789190100,196.7
1789191000,191.12
1789191900,186.8
1789192800,200.75
1789193700,188.62
1789194600,161.01
1789195500,144.94
1789196400,182.81
1789197300,150.39
1789198200,131.71
1789199100,108.19
1789200000,122.71
1789200900,105.77
1789201800,85.0
1789202700,43.36
1789203600,65.89
1789204500,42.8
1789205400,16.84
1789206300,5.86
1789207200,4.04
1789208100,0.0
1789209000,-0.01
1789209900,-0.02
1789210800,-0.01
1789211700,-0.05
1789212600,-0.05
1789213500,-0.09
1789214400,-0.48
1789215300,-0.19
1789216200,-0.13
1789217100,-0.17
1789218000,-0.01
1789218900,0.0
1789219800,0.0
1789220700,2.91
1789221600,0.01
1789222500,7.17
1789223400,43.29
1789224300,87.29
1789225200,83.4
1789226100,114.22
1789227000,126.78
1789227900,150.4
1789228800,145.35
1789229700,180.12
1789230600,191.46
1789231500,194.83
1789232400,194.44
1789233300,204.81
1789234200,204.46
1789235100,210.24
1789236000,210.99
1789236900,211.17
1789237800,210.92
1789238700,207.69
1789239600,210.75
1789240500,204.94
1789241400,201.06
1789242300,191.74
1789243200,199.35
1789244100,191.77
1789245000,189.05
1789245900,183.73
1789246800,191.46
1789247700,186.02
1789248600,182.21
1789249500,179.55
1789250400,191.99
1789251300,180.01
1789252200,173.3
1789253100,166.01
1789254000,176.4
1789254900,165.98
1789255800,164.26
1789256700,163.74
1789257600,168.52
1789258500,163.79
1789259400,160.6
1789260300,159.2
1789261200,163.59
1789262100,162.26
1789263000,161.37
1789263900,159.7
1789264800,164.44
1789265700,163.8
1789266600,163.6
1789267500,164.38
1789268400,165.12
1789269300,166.31
1789270200,168.69
1789271100,172.0
1789272000,168.58
1789272900,174.27
1789273800,178.95
1789274700,179.27
1789275600,181.76
1789276500,181.66
1789277400,181.4
1789278300,170.89
1789279200,190.1
1789280100,173.56
1789281000,159.78
1789281900,148.06
1789282800,156.27
1789283700,144.39
1789284600,138.85
1789285500,137.45
1789286400,129.3
1789287300,121.66
1789288200,119.1
1789289100,109.94
1789290000,105.88
1789290900,105.31
1789291800,104.73
1789292700,105.31
1789293600,99.55
1789294500,103.49
1789295400,100.62
1789296300,99.64
1789297200,99.67
1789298100,98.31
1789299000,96.29
1789299900,94.16
1789300800,92.83
1789301700,96.31
1789302600,99.78
1789303500,99.47
1789304400,98.0
1789305300,101.12
1789306200,121.13
1789307100,132.44
1789308000,133.45
1789308900,140.11
1789309800,156.84
1789310700,173.52
1789311600,168.91
1789312500,182.16
1789313400,197.46
1789314300,208.01
1789315200,197.71
1789316100,203.13
1789317000,210.52
1789317900,228.64
1789318800,217.28
1789319700,228.31
1789320600,234.49
1789321500,239.96
1789322400,228.8
1789323300,235.0
1789324200,237.53
1789325100,233.99
1789326000,235.33
1789326900,235.0
1789327800,231.65
1789328700,227.5
1789329600,232.43
1789330500,227.5
1789331400,227.5
1789332300,222.41
1789333200,220.53
1789334100,208.58
1789335000,207.24
1789335900,206.0
1789336800,218.18
1789337700,205.79
1789338600,196.0
1789339500,186.85
1789340400,192.1
1789341300,187.5
1789342200,189.38
1789343100,182.59
1789344000,185.42
1789344900,185.05
1789345800,183.47
1789346700,182.75
1789347600,183.46
1789348500,184.16
1789349400,183.8
1789350300,184.05
1789351200,180.24
1789352100,181.2
1789353000,183.46
1789353900,190.12
1789354800,184.46
1789355700,194.47
1789356600,208.57
1789357500,221.0
1789358400,217.24
1789359300,250.88
1789360200,273.4
1789361100,277.25
1789362000,300.1
1789362900,321.56
1789363800,323.39
1789364700,322.58
1789365600,348.3
1789366500,300.05
1789367400,281.75
1789368300,268.3
1789369200,280.22
1789370100,266.7
1789371000,240.05
1789371900,216.56
1789372800,242.08
1789373700,219.99
1789374600,201.59
1789375500,183.66
1789376400,212.14
1789377300,193.79
1789378200,196.8
1789379100,184.47
1789380000,195.54
1789380900,181.43
1789381800,176.87
1789382700,168.87
1789383600,175.15
1789384500,168.46
1789385400,165.82
1789386300,155.59
1789387200,159.82
1789388100,161.77
1789389000,158.11
1789389900,166.0
1789390800,152.91
1789391700,155.59
1789392600,169.1
1789393500,182.0
1789394400,152.0
1789395300,170.08
1789396200,190.0
1789397100,210.51
1789398000,179.23
1789398900,214.0
1789399800,253.13
1789400700,288.31
1789401600,259.12
1789402500,306.36
1789403400,450.0
1789404300,584.88
1789405200,649.11
1789406100,700.07
1789407000,700.04
1789407900,740.01
1789408800,704.41
1789409700,585.23
1789410600,447.3
1789411500,367.47
1789412400,373.3
1789413300,309.41
1789414200,270.06
1789415100,248.81
1789416000,267.01
1789416900,252.15
1789417800,242.77
1789418700,225.08
1789419600,241.7
1789420500,227.75
1789421400,221.53
1789422300,207.57
1789423200,219.74
1789424100,217.76
1789425000,205.88
1789425900,192.17
1789426800,211.24
1789427700,198.43
1789428600,194.29
1789429500,188.1
1789430400,189.9
1789431300,187.25
1789432200,188.45
1789433100,187.81
1789434000,185.3
1789434900,185.99
1789435800,187.33
1789436700,184.0
1789437600,184.06
1789438500,184.3
1789439400,184.53
1789440300,181.31
1789441200,184.37
1789442100,187.0
1789443000,199.59
1789443900,216.07
1789444800,222.91
1789445700,238.0
1789446600,239.38
1789447500,249.41
1789448400,281.57
1789449300,270.61
1789450200,252.91
1789451100,243.22
1789452000,268.06
1789452900,241.51
1789453800,225.01
1789454700,197.87
1789455600,227.5
1789456500,212.6
1789457400,189.05
1789458300,156.43
1789459200,181.16
1789460100,162.59
1789461000,128.03
1789461900,112.06
1789462800,122.33
1789463700,88.74
1789464600,69.0
1789465500,35.41
1789466400,60.68
1789467300,43.42
1789468200,36.38
1789469100,37.39
1789470000,31.87
1789470900,30.18
1789471800,29.56
1789472700,26.39
1789473600,32.36
1789474500,42.31
1789475400,50.08
1789476300,60.05
1789477200,61.65
1789478100,89.83
1789479000,121.19
1789479900,142.1
1789480800,104.05
1789481700,140.36
1789482600,169.79
1789483500,209.89
1789484400,165.79
1789485300,210.15
1789486200,230.2
1789487100,247.72
1789488000,217.83
1789488900,235.0
1789489800,258.69
1789490700,294.52
1789491600,293.68
1789492500,312.4
1789493400,307.35
1789494300,300.03
1789495200,279.77
1789496100,251.2
1789497000,245.93
1789497900,238.7
1789498800,231.3
1789499700,226.54
1789500600,223.45
1789501500,208.0
1789502400,212.98
1789503300,201.34
1789504200,198.01
1789505100,185.52
1789506000,193.54
1789506900,186.6
1789507800,179.67
1789508700,171.04
1789509600,181.74
1789510500,178.97
1789511400,174.59
1789512300,170.88
1789513200,173.18
1789514100,170.8
1789515000,170.88
1789515900,170.01
1789516800,167.58
1789517700,167.45
1789518600,170.04
1789519500,169.73
1789520400,169.85
1789521300,168.75
1789522200,167.24
1789523100,168.73
1789524000,170.19
1789524900,167.33
1789525800,169.26
1789526700,171.92
1789527600,168.04
1789528500,178.58
1789529400,187.88
1789530300,225.99
1789531200,199.41
1789532100,218.75
1789533000,233.61
1789533900,243.3
1789534800,246.27
1789535700,240.21
1789536600,235.01
1789537500,230.79
1789538400,247.01
1789539300,237.79
1789540200,223.17
1789541100,192.0
1789542000,219.85
1789542900,200.32
1789543800,176.41
1789544700,169.81
1789545600,186.38
1789546500,174.6
1789547400,168.84
1789548300,161.8
1789549200,154.39
1789550100,149.03
1789551000,136.63
1789551900,128.76
1789552800,130.89
1789553700,113.0
1789554600,109.59
1789555500,100.58
1789556400,104.7
1789557300,98.37
1789558200,96.56
1789559100,90.4
1789560000,99.39
1789560900,101.24
1789561800,103.54
1789562700,105.6
1789563600,107.24
1789564500,117.19
1789565400,130.81
1789566300,132.92
1789567200,131.37
1789568100,143.56
1789569000,165.94
1789569900,193.23
1789570800,182.98
1789571700,204.21
1789572600,209.42
1789573500,222.95
1789574400,204.25
1789575300,221.72
1789576200,234.98
1789577100,263.37
1789578000,237.97
1789578900,248.0
1789579800,262.56
1789580700,269.18
1789581600,264.58
1789582500,248.79
1789583400,239.85
1789584300,234.43
1789585200,236.92
1789586100,229.49
1789587000,215.47
1789587900,199.18
1789588800,213.99
1789589700,201.4
1789590600,196.77
1789591500,191.0
1789592400,198.34
1789593300,189.98
1789594200,184.25
1789595100,168.21
1789596000,199.33
1789596900,186.44
1789597800,176.97
1789598700,171.32
1789599600,175.44
1789600500,170.27
1789601400,166.6
1789602300,163.99
1789603200,166.77
1789604100,164.87
1789605000,164.94
1789605900,165.37
1789606800,165.29
1789607700,166.03
1789608600,165.3
1789609500,165.63
1789610400,164.56
1789611300,165.29
1789612200,167.42
1789613100,165.3
1789614000,158.03
1789614900,159.86
1789615800,166.75
1789616700,175.4
1789617600,172.47
1789618500,194.74
1789619400,209.2
1789620300,219.99
1789621200,230.2
1789622100,221.02
1789623000,210.96
1789623900,203.59
1789624800,215.92
1789625700,204.59
1789626600,195.46
1789627500,177.83
1789628400,200.0
1789629300,178.9
1789630200,150.24
1789631100,124.42
1789632000,145.92
1789632900,125.69
1789633800,99.3
1789634700,74.45
1789635600,69.57
1789636500,43.17
1789637400,19.12
1789638300,7.2
1789639200,17.53
1789640100,10.1
1789641000,7.62
1789641900,7.43
1789642800,5.0
1789643700,2.12
1789644600,0.42
1789645500,0.1
1789646400,3.97
1789647300,6.04
1789648200,13.69
1789649100,25.2
1789650000,10.0
1789650900,23.24
1789651800,42.54
1789652700,49.01
1789653600,27.41
1789654500,51.65
1789655400,101.03
1789656300,117.35
1789657200,97.67
1789658100,135.5
1789659000,163.74
1789659900,208.99
1789660800,181.97
1789661700,197.33
1789662600,205.66
1789663500,208.99
1789664400,210.17
1789665300,211.58
1789666200,213.42
1789667100,232.7
1789668000,216.09
1789668900,215.16
1789669800,216.64
1789670700,214.98
1789671600,219.05
1789672500,210.72
1789673400,204.19
1789674300,188.96
1789675200,199.0
1789676100,191.64
1789677000,194.99
1789677900,187.88
1789678800,186.23
1789679700,184.76
1789680600,179.29
1789681500,167.18
1789682400,148.62
1789683300,142.08
1789684200,134.81
1789685100,131.43
1789686000,135.96
1789686900,130.24
1789687800,127.5
1789688700,128.07
1789689600,126.68
1789690500,125.54
1789691400,132.78
1789692300,133.02
1789693200,128.71
1789694100,129.52
1789695000,129.9
1789695900,132.57
1789696800,128.05
1789697700,131.76
1789698600,130.27
1789699500,134.34
1789700400,138.82
1789701300,138.32
1789702200,148.74
1789703100,160.69
1789704000,173.0
1789704900,181.67
1789705800,187.86
1789706700,201.49
1789707600,207.0
1789708500,217.56
1789709400,213.62
1789710300,207.24
1789711200,221.78
1789712100,207.62
1789713000,203.33
1789713900,187.27
1789714800,204.35
1789715700,181.26
1789716600,150.0
1789717500,114.83
1789718400,135.33
1789719300,110.0
1789720200,83.5
1789721100,55.06
1789722000,70.83
1789722900,48.15
1789723800,36.32
1789724700,14.31
1789725600,14.62
1789726500,5.82
1789727400,3.52
1789728300,1.08
1789729200,0.5
1789730100,0.04
1789731000,0.01
1789731900,0.0
1789732800,0.0
1789733700,0.0
1789734600,0.0
1789735500,0.01
1789736400,0.07
1789737300,1.94
1789738200,4.15
1789739100,5.97
1789740000,3.88
1789740900,9.28
1789741800,48.23
1789742700,61.63
1789743600,30.0
1789744500,67.3
1789745400,129.39
1789746300,164.97
1789747200,149.46
1789748100,172.5
1789749000,191.15
1789749900,207.29
1789750800,189.3
1789751700,186.45
1789752600,189.82
1789753500,205.31
1789754400,200.57
1789755300,198.19
1789756200,191.41
1789757100,189.78
1789758000,189.0
1789758900,184.75
1789759800,174.98
1789760700,164.99
1789761600,172.86
1789762500,169.16
1789763400,164.99
1789764300,145.72
1789765200,157.35
1789766100,139.85
1789767000,130.39
1789767900,111.0
1789768800,132.52
1789769700,117.76
1789770600,97.43
1789771500,65.83
1789772400,96.05
1789773300,82.44
1789774200,79.18
1789775100,60.43
1789776000,73.77
1789776900,62.38
1789777800,52.75
1789778700,48.02
1789779600,45.15
1789780500,32.75
1789781400,26.48
1789782300,23.16
1789783200,33.57
1789784100,36.04
1789785000,36.9
1789785900,36.66
1789786800,34.79
1789787700,34.41
1789788600,34.03
1789789500,39.94
1789790400,40.74
1789791300,46.66
1789792200,40.08
1789793100,43.47
1789794000,41.38
1789794900,41.99
1789795800,45.07
1789796700,40.1
1789797600,47.71
1789798500,36.53
1789799400,27.96
1789800300,11.8
1789801200,16.9
1789802100,6.55
1789803000,2.74
1789803900,0.01
1789804800,0.1
1789805700,0.0
1789806600,-0.03
1789807500,-0.09
1789808400,-0.13
1789809300,-0.16
1789810200,-0.21
1789811100,-0.74
1789812000,-0.78
1789812900,-0.65
1789813800,-0.71
1789814700,-0.86
1789815600,-1.01
1789816500,-1.06
1789817400,-1.34
1789818300,-1.62
1789819200,-1.27
1789820100,-1.26
1789821000,-1.21
1789821900,-1.46
1789822800,-1.85
1789823700,-1.5
1789824600,-1.43
1789825500,-1.94
1789826400,-0.1
1789827300,-0.07
1789828200,-0.01
1789829100,0.0
1789830000,0.0
1789830900,0.0
1789831800,8.2
1789832700,25.0
1789833600,30.0
1789834500,51.74
1789835400,79.66
1789836300,100.43
1789837200,99.98
1789838100,119.52
1789839000,129.37
1789839900,134.25
1789840800,133.07
1789841700,119.19
1789842600,107.0
1789843500,99.94
1789844400,101.57
1789845300,99.95
1789846200,91.05
1789847100,67.32
1789848000,88.87
1789848900,86.21
1789849800,83.64
1789850700,75.7
1789851600,85.0
1789852500,80.0
1789853400,77.65
1789854300,70.82
1789855200,18.2
1789856100,16.37
1789857000,14.99
1789857900,13.61
1789858800,14.85
1789859700,13.05
1789860600,12.49
1789861500,11.04
1789862400,8.57
1789863300,11.25
1789864200,12.2
1789865100,8.0
1789866000,8.19
1789866900,7.92
1789867800,8.05
1789868700,7.09
1789869600,9.69
1789870500,8.95
1789871400,8.75
1789872300,8.6
1789873200,10.12
1789874100,9.62
1789875000,9.47
1789875900,10.81
1789876800,8.13
1789877700,8.96
1789878600,10.37
1789879500,12.55
1789880400,11.51
1789881300,12.74
1789882200,13.34
1789883100,11.49
1789884000,13.4
1789884900,12.51
1789885800,8.34
1789886700,5.12
1789887600,8.15
1789888500,5.06
1789889400,1.4
1789890300,0.01
1789891200,0.01
1789892100,0.0
1789893000,-0.01
1789893900,-0.04
1789894800,-0.04
1789895700,-0.1
1789896600,-0.12
1789897500,-0.17
1789898400,-1.0
1789899300,-1.0
1789900200,-1.05
1789901100,-1.59
1789902000,-1.92
1789902900,-1.97
1789903800,-2.02
1789904700,-2.02
1789905600,-1.94
1789906500,-1.95
1789907400,-1.94
1789908300,-1.91
1789909200,-1.56
1789910100,-1.39
1789911000,-1.01
1789911900,-1.0
1789912800,-0.18
1789913700,-0.1
1789914600,-0.08
1789915500,-0.01
1789916400,-0.03
1789917300,0.0
1789918200,0.01
1789919100,10.72
1789920000,15.13
1789920900,35.62
1789921800,58.37
1789922700,92.51
1789923600,61.64
1789924500,79.14
1789925400,86.21
1789926300,102.24
1789927200,86.69
1789928100,88.42
1789929000,82.02
1789929900,89.48
1789930800,90.08
1789931700,79.26
1789932600,67.9
1789933500,65.36
1789934400,76.2
1789935300,80.07
1789936200,67.31
1789937100,61.68
1789938000,63.74
1789938900,60.09
1789939800,57.78
1789940700,51.76
1789941600,50.68
1789942500,50.29
1789943400,45.28
1789944300,40.81
1789945200,45.61
1789946100,41.88
1789947000,42.85
1789947900,40.01
1789948800,41.33
1789949700,37.85
1789950600,38.38
1789951500,39.82
1789952400,40.85
1789953300,41.02
1789954200,39.9
1789955100,37.99
1789956000,37.53
1789956900,39.24
1789957800,43.76
1789958700,47.2
1789959600,43.27
1789960500,54.93
1789961400,60.38
1789962300,76.69
1789963200,91.43
1789964100,124.61
1789965000,130.5
1789965900,148.88
1789966800,160.88
1789967700,187.01
1789968600,194.48
1789969500,170.08
1789970400,257.09
1789971300,195.49
1789972200,154.11
1789973100,108.01
1789974000,121.74
1789974900,103.29
1789975800,63.51
1789976700,43.74
1789977600,62.15
1789978500,33.39
1789979400,28.43
1789980300,11.39
1789981200,19.82
1789982100,13.13
1789983000,2.66
1789983900,0.03
1789984800,0.76
1789985700,0.01
1789986600,0.02
1789987500,0.01
1789988400,0.0
1789989300,0.0
1789990200,0.0
1789991100,0.0
1789992000,0.0
1789992900,0.0
1789993800,0.01
1789994700,0.03
1789995600,0.0
1789996500,0.03
1789997400,0.1
1789998300,5.47
1789999200,0.08
1790000100,20.95
1790001000,33.95
1790001900,59.32
1790002800,22.71
1790003700,67.08
1790004600,135.63
1790005500,203.34
1790006400,166.62
1790007300,198.79
1790008200,222.59
1790009100,261.72
1790010000,220.8
1790010900,223.97
1790011800,251.23
1790012700,275.9
1790013600,251.3
1790014500,250.28
1790015400,243.48
1790016300,219.04
1790017200,232.28
1790018100,218.15
1790019000,213.93
1790019900,206.68
1790020800,216.0
1790021700,204.58
1790022600,206.08
1790023500,196.23
1790024400,197.98
1790025300,184.14
1790026200,186.58
1790027100,172.11
1790028000,189.97
1790028900,183.05
1790029800,176.66
1790030700,175.81
1790031600,177.29
1790032500,174.96
1790033400,176.55
1790034300,175.61
1790035200,175.89
1790036100,174.39
1790037000,172.41
1790037900,171.52
1790038800,173.57
1790039700,170.91
1790040600,170.42
1790041500,171.42
1790042400,172.65
1790043300,172.33
1790044200,174.19
1790045100,180.34
1790046000,167.7
1790046900,180.53
1790047800,193.44
1790048700,224.33
1790049600,198.34
1790050500,225.83
1790051400,253.32
1790052300,277.03
1790053200,289.86
1790054100,302.05
1790055000,293.4
1790055900,276.47
1790056800,282.29
1790057700,268.06
1790058600,240.76
1790059500,204.98
1790060400,247.86
1790061300,217.86
1790062200,191.48
1790063100,166.18
1790064000,186.02
1790064900,173.99
1790065800,167.25
1790066700,161.83
1790067600,162.63
1790068500,151.03
1790069400,144.7
1790070300,135.85
1790071200,128.76
1790072100,130.54
1790073000,125.51
1790073900,118.22
1790074800,119.31
1790075700,117.72
1790076600,114.92
1790077500,112.14
1790078400,115.15
1790079300,119.39
1790080200,119.08
1790081100,122.93
1790082000,124.89
1790082900,130.22
1790083800,139.62
1790084700,151.71
1790085600,147.3
1790086500,161.28
1790087400,185.78
1790088300,213.13
1790089200,164.68
1790090100,211.86
1790091000,241.96
1790091900,289.06
1790092800,253.0
1790093700,317.94
1790094600,417.93
1790095500,510.34
1790096400,564.09
1790097300,647.5
1790098200,640.67
1790099100,533.26
1790100000,543.39
1790100900,442.38
1790101800,389.22
1790102700,357.66
1790103600,315.72
1790104500,292.8
1790105400,291.88
1790106300,256.14
1790107200,258.79
1790108100,252.99
1790109000,249.35
1790109900,225.58
1790110800,226.09
1790111700,214.54
1790112600,210.21
1790113500,201.18
1790114400,194.51
1790115300,188.57
1790116200,190.3
1790117100,182.46
1790118000,181.76
1790118900,174.93
1790119800,173.68
1790120700,179.0
1790121600,174.52
1790122500,171.11
1790123400,177.24
1790124300,183.06
1790125200,176.72
1790126100,178.53
1790127000,178.72
1790127900,173.43
1790128800,173.39
1790129700,178.13
1790130600,178.35
1790131500,173.94
1790132400,171.61
1790133300,188.0
1790134200,202.0
1790135100,232.86
1790136000,236.07
1790136900,260.63
1790137800,355.5
1790138700,347.79
1790139600,370.63
1790140500,385.35
1790141400,348.25
1790142300,280.09
1790143200,274.32
1790144100,240.5
1790145000,224.31
1790145900,189.12
1790146800,217.94
1790147700,193.88
1790148600,170.82
1790149500,146.46
1790150400,166.24
1790151300,148.1
1790152200,134.95
1790153100,116.12
1790154000,119.82
1790154900,107.13
1790155800,86.82
1790156700,75.87
1790157600,85.87
1790158500,73.37
1790159400,69.72
1790160300,63.26
1790161200,64.74
1790162100,60.02
1790163000,55.07
1790163900,49.47
1790164800,41.99
1790165700,64.85
1790166600,85.33
1790167500,108.18
1790168400,72.09
1790169300,101.31
1790170200,126.3
1790171100,141.93
1790172000,124.17
1790172900,148.07
1790173800,165.54
1790174700,189.45
1790175600,158.94
1790176500,186.1
1790177400,211.46
1790178300,239.54
1790179200,206.0
1790180100,225.83
1790181000,267.94
1790181900,275.11
1790182800,271.83
1790183700,257.33
1790184600,272.89
1790185500,284.31
1790186400,262.21
1790187300,249.7
1790188200,223.83
1790189100,210.76
1790190000,213.26
1790190900,205.96
1790191800,190.73
1790192700,170.84
1790193600,182.87
1790194500,170.36
1790195400,165.74
1790196300,161.5
1790197200,166.95
1790198100,154.16
1790199000,150.68
1790199900,144.2
1790200800,124.78
1790201700,136.68
1790202600,130.6
1790203500,129.4
1790204400,121.01
1790205300,118.29
1790206200,119.7
1790207100,116.49
1790208000,117.38
1790208900,114.96
1790209800,114.36
1790210700,111.35
1790211600,109.27
1790212500,107.97
1790213400,106.5
1790214300,104.39
1790215200,106.36
1790216100,106.43
1790217000,105.65
1790217900,110.85
1790218800,118.13
1790219700,118.67
1790220600,121.55
1790221500,128.45
1790222400,123.98
1790223300,142.78
1790224200,156.71
1790225100,167.77
1790226000,161.37
1790226900,167.17
1790227800,172.69
1790228700,170.83
1790229600,185.99
1790230500,175.9
1790231400,172.6
1790232300,160.57
1790233200,172.79
1790234100,162.39
1790235000,144.42
1790235900,130.04
1790236800,136.4
1790237700,122.77
1790238600,106.24
1790239500,81.51
1790240400,98.66
1790241300,78.86
1790242200,60.02
1790243100,36.1
1790244000,25.01
1790244900,15.11
1790245800,13.88
1790246700,10.0
1790247600,14.0
1790248500,10.03
1790249400,12.32
1790250300,10.05
1790251200,8.86
1790252100,10.9
1790253000,24.0
1790253900,34.99
1790254800,38.66
1790255700,61.86
1790256600,95.0
1790257500,108.0
1790258400,76.9
1790259300,108.86
1790260200,132.15
1790261100,152.8
1790262000,141.6
1790262900,170.89
1790263800,193.19
1790264700,214.43
1790265600,186.47
1790266500,218.93
1790267400,236.02
1790268300,262.74
1790269200,249.33
1790270100,263.79
1790271000,267.94
1790271900,288.23
1790272800,272.65
1790273700,265.8
1790274600,253.5
1790275500,248.05
1790276400,240.29
1790277300,230.0
1790278200,223.38
1790279100,209.62
1790280000,220.96
1790280900,204.52
1790281800,201.0
1790282700,192.99
1790283600,196.93
1790284500,188.32
1790285400,185.64
1790286300,181.14
1790287200,196.99
1790288100,184.4
1790289000,175.79
1790289900,170.59
1790290800,175.13
1790291700,171.84
1790292600,171.43
1790293500,170.27
1790294400,167.76
1790295300,166.49
1790296200,165.93
1790297100,162.38
1790298000,164.46
1790298900,165.55
1790299800,169.18
1790300700,169.27
1790301600,172.29
1790302500,170.87
1790303400,169.82
1790304300,165.87
1790305200,168.41
1790306100,169.79
1790307000,192.29
1790307900,221.15
1790308800,204.38
1790309700,236.08
1790310600,236.44
1790311500,264.16
1790312400,252.93
1790313300,266.66
1790314200,273.61
1790315100,252.41
1790316000,290.87
1790316900,260.69
1790317800,243.4
1790318700,203.99
1790319600,235.46
1790320500,202.74
1790321400,189.27
1790322300,157.5
1790323200,182.5
1790324100,165.0
1790325000,148.66
1790325900,137.99
1790326800,137.82
1790327700,123.02
1790328600,100.36
1790329500,72.42
1790330400,85.78
1790331300,62.83
1790332200,49.38
1790333100,42.75
1790334000,39.01
1790334900,36.12
1790335800,26.14
1790336700,19.17
1790337600,23.12
1790338500,35.0
1790339400,39.94
1790340300,61.49
1790341200,40.0
1790342100,73.58
1790343000,107.83
1790343900,126.76
1790344800,119.91
1790345700,142.44
1790346600,165.0
1790347500,190.71
1790348400,157.71
1790349300,192.8
1790350200,206.21
1790351100,239.26
1790352000,202.24
1790352900,230.0
1790353800,248.72
1790354700,284.74
1790355600,291.76
1790356500,305.47
1790357400,315.78
1790358300,300.7
1790359200,270.0
1790360100,255.0
1790361000,246.96
1790361900,236.7
1790362800,244.18
1790363700,231.25
1790364600,218.38
1790365500,202.89
1790366400,219.99
1790367300,208.59
1790368200,202.11
1790369100,194.72
1790370000,199.81
1790370900,193.53
1790371800,182.41
1790372700,171.29
1790373600,205.94
1790374500,199.14
1790375400,194.54
1790376300,185.56
1790377200,187.85
1790378100,184.4
1790379000,182.86
1790379900,181.02
1790380800,181.33
1790381700,179.17
1790382600,173.17
1790383500,166.7
1790384400,165.93
1790385300,163.25
1790386200,162.56
1790387100,162.47
1790388000,159.61
1790388900,160.35
1790389800,161.3
1790390700,161.76
1790391600,159.09
1790392500,158.03
1790393400,160.44
1790394300,164.62
1790395200,167.7
1790396100,176.77
1790397000,181.6
1790397900,188.88
1790398800,192.05
1790399700,194.29
1790400600,194.14
1790401500,196.76
1790402400,210.93
1790403300,203.0
1790404200,187.34
1790405100,166.4
1790406000,193.17
1790406900,165.98
1790407800,139.03
1790408700,127.59
1790409600,132.41
1790410500,120.56
1790411400,104.99
1790412300,90.0
1790413200,78.49
1790414100,59.07
1790415000,46.32
1790415900,28.53
1790416800,17.33
1790417700,12.51
1790418600,9.47
1790419500,4.71
1790420400,4.64
1790421300,3.73
1790422200,2.43
1790423100,2.42
1790424000,9.02
1790424900,12.51
1790425800,23.3
1790426700,28.97
1790427600,23.0
1790428500,40.0
1790429400,59.82
1790430300,83.28
1790431200,91.58
1790432100,122.8
1790433000,135.09
1790433900,160.1
1790434800,154.56
1790435700,194.8
1790436600,215.13
1790437500,203.04
1790438400,196.0
1790439300,206.37
1790440200,220.86
1790441100,234.23
1790442000,222.0
1790442900,230.46
1790443800,243.61
1790444700,251.08
1790445600,238.97
1790446500,232.0
1790447400,222.48
1790448300,211.99
1790449200,218.18
1790450100,210.24
1790451000,205.53
1790451900,200.0
1790452800,207.0
1790453700,200.62
1790454600,197.73
1790455500,191.89
1790456400,195.2
1790457300,188.45
1790458200,182.55
1790459100,177.8
1790460000,192.07
1790460900,185.95
1790461800,182.68
1790462700,172.18
1790463600,180.47
1790464500,178.0
1790465400,176.62
1790466300,178.0
1790467200,176.0
1790468100,171.31
1790469000,169.97
1790469900,168.08
1790470800,168.16
1790471700,166.78
1790472600,165.4
1790473500,165.39
1790474400,165.0
1790475300,160.83
1790476200,160.44
1790477100,160.0
1790478000,160.44
1790478900,158.08
1790479800,159.4
1790480700,156.76
1790481600,156.03
1790482500,156.05
1790483400,162.42
1790484300,162.85
1790485200,165.56
1790486100,157.95
1790487000,146.68
1790487900,134.63
1790488800,160.43
1790489700,143.86
1790490600,119.48
1790491500,87.03
1790492400,101.36
1790493300,76.32
1790494200,30.96
1790495100,18.32
1790496000,5.51
1790496900,0.06
1790497800,0.0
1790498700,0.0
1790499600,0.0
1790500500,-0.01
1790501400,-0.09
1790502300,-0.19
1790503200,-1.01
1790504100,-1.76
1790505000,-2.02
1790505900,-2.99
1790506800,-2.21
1790507700,-2.95
1790508600,-2.76
1790509500,-2.02
1790510400,-2.0
1790511300,-1.02
1790512200,-0.21
1790513100,-0.12
1790514000,-0.01
1790514900,-0.01
1790515800,0.0
1790516700,0.0
1790517600,0.0
1790518500,0.15
1790519400,7.01
1790520300,45.25
1790521200,41.25
1790522100,92.71
1790523000,144.61
1790523900,178.48
1790524800,168.79
1790525700,188.35
1790526600,193.27
1790527500,194.45
1790528400,190.84
1790529300,191.93
1790530200,198.95
1790531100,201.28
1790532000,194.32
1790532900,188.0
1790533800,185.68
1790534700,167.39
1790535600,174.16
1790536500,164.44
1790537400,151.86
1790538300,148.56
1790539200,164.94
1790540100,156.51
1790541000,152.22
1790541900,148.03
1790542800,149.36
1790543700,147.47
1790544600,145.18
1790545500,143.72
1790546400,150.75
1790547300,150.76
1790548200,150.58
1790549100,150.75
1790550000,152.64
1790550900,150.22
1790551800,151.75
1790552700,151.03
1790553600,150.96
1790554500,151.36
1790555400,151.75
1790556300,151.89
1790557200,152.62
1790558100,153.8
1790559000,154.6
1790559900,157.33
1790560800,156.68
1790561700,158.24
1790562600,162.04
1790563500,166.87
1790564400,167.67
1790565300,170.36
1790566200,176.77
1790567100,185.9
1790568000,193.68
1790568900,204.99
1790569800,214.84
1790570700,231.02
1790571600,228.23
1790572500,244.02
1790573400,246.17
1790574300,245.5
1790575200,275.95
1790576100,250.74
1790577000,231.15
1790577900,210.77
1790578800,235.13
1790579700,220.36
1790580600,202.0
1790581500,182.95
1790582400,203.48
1790583300,185.07
1790584200,172.75
1790585100,155.95
1790586000,157.93
1790586900,158.52
1790587800,150.4
1790588700,147.22
1790589600,145.33
1790590500,126.73
1790591400,117.8
1790592300,114.68
1790593200,116.98
1790594100,114.49
1790595000,126.85
1790595900,127.03
1790596800,120.78
1790597700,134.99
1790598600,145.51
1790599500,151.87
1790600400,146.6
1790601300,150.9
1790602200,151.9
1790603100,165.54
1790604000,156.69
1790604900,172.33
1790605800,198.69
1790606700,224.59
1790607600,207.45
1790608500,231.26
1790609400,241.07
1790610300,266.9
1790611200,247.48
1790612100,284.36
1790613000,319.88
1790613900,390.6
1790614800,350.0
1790615700,354.0
1790616600,349.99
1790617500,314.86
1790618400,320.83
1790619300,280.59
1790620200,260.91
1790621100,246.9
1790622000,252.58
1790622900,234.44
1790623800,223.98
1790624700,205.0
1790625600,216.93
1790626500,208.16
1790627400,201.99
1790628300,186.32
1790629200,197.01
1790630100,187.78
1790631000,179.24
1790631900,161.14
1790632800,191.82
1790633700,189.19
1790634600,180.22
1790635500,174.22
1790636400,181.81
1790637300,175.85
1790638200,171.4
1790639100,166.79
1790640000,170.78
1790640900,168.95
1790641800,168.78
1790642700,167.64
1790643600,164.24
1790644500,165.16
1790645400,165.14
1790646300,165.1
1790647200,162.1
1790648100,161.64
1790649000,159.64
1790649900,158.22
1790650800,154.64
1790651700,158.2
1790652600,170.54
1790653500,179.47
1790654400,191.32
1790655300,216.62
1790656200,229.85
1790657100,226.6
1790658000,231.37
1790658900,233.0
1790659800,226.86
1790660700,223.25
1790661600,239.11
1790662500,230.33
1790663400,213.57
1790664300,180.74
1790665200,212.3
1790666100,187.84
1790667000,173.02
1790667900,163.64
1790668800,179.29
1790669700,166.3
1790670600,158.59
1790671500,143.09
1790672400,146.58
1790673300,137.15
1790674200,115.77
1790675100,101.85
1790676000,98.32
1790676900,89.79
1790677800,88.93
1790678700,76.72
1790679600,82.26
1790680500,74.88
1790681400,68.67
1790682300,63.94
1790683200,65.66
1790684100,79.03
1790685000,88.03
1790685900,93.47
1790686800,89.63
1790687700,108.68
1790688600,120.71
1790689500,130.04
1790690400,115.21
1790691300,144.04
1790692200,161.18
1790693100,199.62
1790694000,179.02
1790694900,201.77
1790695800,213.69
1790696700,218.93
1790697600,219.11
1790698500,227.88
1790699400,231.77
1790700300,244.45
1790701200,242.68
1790702100,233.35
1790703000,227.37
1790703900,215.79
1790704800,218.43
1790705700,207.01
1790706600,196.85
1790707500,185.29
1790708400,183.94
1790709300,174.47
1790710200,168.62
1790711100,152.73
1790712000,161.51
1790712900,155.92
1790713800,153.74
1790714700,145.44
1790715600,139.69
1790716500,134.04
1790717400,128.69
1790718300,119.12
1790719200,112.61
1790720100,101.44
1790721000,110.12
1790721900,114.22
1790722800,105.64
1790723700,102.58
1790724600,103.07
1790725500,110.7
1790726400,97.63
1790727300,101.73
1790728200,100.05
1790729100,107.42
1790730000,100.1
1790730900,103.65
1790731800,104.97
1790732700,102.77
1790733600,107.32
1790734500,98.65
1790735400,101.6
1790736300,109.62
1790737200,115.64
1790738100,119.08
1790739000,124.14
1790739900,129.93
1790740800,144.69
1790741700,159.42
1790742600,166.78
1790743500,170.57
1790744400,189.56
1790745300,202.12
1790746200,204.29
1790747100,199.67
1790748000,218.13
1790748900,203.6
1790749800,187.45
1790750700,165.82
1790751600,189.23
1790752500,170.85
1790753400,156.01
1790754300,144.76
1790755200,140.0
1790756100,130.9
1790757000,123.18
1790757900,95.15
1790758800,114.95
1790759700,90.16
1790760600,77.97
1790761500,42.6
1790762400,60.08
1790763300,43.85
1790764200,37.69
1790765100,30.01
1790766000,26.32
1790766900,20.84
1790767800,13.33
1790768700,19.51
1790769600,13.65
1790770500,24.3
1790771400,38.14
1790772300,73.93
1790773200,43.7
1790774100,78.46
1790775000,106.55
1790775900,111.0
1790776800,104.98
1790777700,132.62
1790778600,169.76
1790779500,186.5
1790780400,173.04
1790781300,194.45
1790782200,211.78
1790783100,229.4
1790784000,213.68
1790784900,226.5
1790785800,232.95
1790786700,248.18
1790787600,241.78
1790788500,246.58
1790789400,255.24
1790790300,255.37
1790791200,245.44
1790792100,242.99
1790793000,227.16
1790793900,216.56
1790794800,235.36
1790795700,215.39
1790796600,203.95
1790797500,170.0
1790798400,203.49
1790799300,190.78
1790800200,184.24
1790801100,169.04
1790802000,178.34
1790802900,164.76
1790803800,171.04
1790804700,156.4
1790805600,166.13
1790806500,158.82
1790807400,153.43
1790808300,153.6
1790809200,159.4
1790810100,160.34
1790811000,159.94
1790811900,158.79
1790812800,159.8
1790813700,158.74
1790814600,158.79
1790815500,156.4
1790816400,161.1
1790817300,161.11
1790818200,158.71
1790819100,157.1
1790820000,158.59
1790820900,158.04
1790821800,155.85
1790822700,159.72
1790823600,158.06
1790824500,158.8
1790825400,168.39
1790826300,181.29
1790827200,177.0
1790828100,203.11
1790829000,218.61
1790829900,233.97
1790830800,228.14
1790831700,242.75
1790832600,243.32
1790833500,234.76
1790834400,258.14
1790835300,235.27
1790836200,226.0
1790837100,214.02
1790838000,238.12
1790838900,211.99
1790839800,200.44
1790840700,182.66
1790841600,209.53
1790842500,189.53
1790843400,173.94
1790844300,160.6
1790845200,165.28
1790846100,158.92
1790847000,158.8
1790847900,157.42
1790848800,160.89
1790849700,164.01
1790850600,160.45
1790851500,163.41
1790852400,153.31
1790853300,152.45
1790854200,151.37
1790855100,150.96
1790856000,152.14
1790856900,147.09
1790857800,150.64
1790858700,151.47
1790859600,150.03
1790860500,151.34
1790861400,156.05
1790862300,170.1
1790863200,149.7
1790864100,166.6
1790865000,196.75
1790865900,243.68
1790866800,179.92
1790867700,224.21
1790868600,250.0
1790869500,275.0
1790870400,246.19
1790871300,265.01
1790872200,276.58
1790873100,310.98
1790874000,289.7
1790874900,300.22
1790875800,314.78
1790876700,297.47
1790877600,280.0
1790878500,268.11
1790879400,251.93
1790880300,230.01
1790881200,250.03
1790882100,229.97
1790883000,221.13
1790883900,204.53
1790884800,221.64
1790885700,207.5
1790886600,203.9
1790887500,186.95
1790888400,201.71
1790889300,190.04
1790890200,182.58
1790891100,171.38
1790892000,185.11
1790892900,177.65
1790893800,169.68
1790894700,167.69
1790895600,168.19
1790896500,164.95
1790897400,162.32
1790898300,160.15
1790899200,161.39
1790900100,160.34
1790901000,160.93
1790901900,161.16
1790902800,159.59
1790903700,159.07
1790904600,160.61
1790905500,160.99
1790906400,162.92
1790907300,162.2
1790908200,161.4
1790909100,166.02
1790910000,163.55
1790910900,170.49
1790911800,184.83
1790912700,192.61
1790913600,195.55
1790914500,216.11
1790915400,231.79
1790916300,243.23
1790917200,246.83
1790918100,258.54
1790919000,266.08
1790919900,269.89
1790920800,288.93
1790921700,270.74
1790922600,257.21
1790923500,240.27
1790924400,261.39
1790925300,233.97
1790926200,220.1
1790927100,186.51
1790928000,211.67
1790928900,188.27
1790929800,175.21
1790930700,172.25
1790931600,183.88
1790932500,173.18
1790933400,165.69
1790934300,157.52
1790935200,154.91
1790936100,152.2
1790937000,153.69
1790937900,149.63
1790938800,146.07
1790939700,141.96
1790940600,140.68
1790941500,134.72
1790942400,143.79
1790943300,140.9
1790944200,141.41
1790945100,143.15
1790946000,141.08
1790946900,143.59
1790947800,155.09
1790948700,160.64
1790949600,156.21
1790950500,163.79
1790951400,187.3
1790952300,216.81
1790953200,180.08
1790954100,219.62
1790955000,238.22
1790955900,261.49
1790956800,239.98
1790957700,250.44
1790958600,276.08
1790959500,299.72
1790960400,328.58
1790961300,328.11
1790962200,315.28
1790963100,307.27
1790964000,282.7
1790964900,279.83
1790965800,261.82
1790966700,248.08
1790967600,244.78
1790968500,238.14
1790969400,224.99
1790970300,211.92
1790971200,220.23
1790972100,215.0
1790973000,209.39
1790973900,201.39
1790974800,201.62
1790975700,197.52
1790976600,194.55
1790977500,185.1
1790978400,204.51
1790979300,200.0
1790980200,189.89
1790981100,182.18
1790982000,187.51
1790982900,180.3
1790983800,174.97
1790984700,173.15
1790985600,176.96
1790986500,174.99
1790987400,172.6
1790988300,169.5
1790989200,173.4
1790990100,169.4
1790991000,166.63
1790991900,167.0
1790992800,166.04
1790993700,166.31
1790994600,166.24
1790995500,165.7
1790996400,169.43
1790997300,168.46
1790998200,169.8
1790999100,171.9
1791000000,175.01
1791000900,180.1
1791001800,185.98
1791002700,190.61
1791003600,197.45
1791004500,198.61
1791005400,198.85
1791006300,199.51
1791007200,202.94
1791008100,198.06
1791009000,187.8
1791009900,167.71
1791010800,199.21
1791011700,180.51
1791012600,161.37
1791013500,152.22
1791014400,164.83
1791015300,154.84
1791016200,148.08
1791017100,140.1
1791018000,151.08
1791018900,131.62
1791019800,113.24
1791020700,104.21
1791021600,96.39
1791022500,86.64
1791023400,81.91
1791024300,71.65
1791025200,62.08
1791026100,57.41
1791027000,52.77
1791027900,54.56
1791028800,55.82
1791029700,62.66
1791030600,72.76
1791031500,89.58
1791032400,97.94
1791033300,105.2
1791034200,118.82
1791035100,134.63
1791036000,121.56
1791036900,145.0
1791037800,162.69
1791038700,200.02
1791039600,165.12
1791040500,188.49
1791041400,204.92
1791042300,218.74
1791043200,216.49
1791044100,221.69
1791045000,229.46
1791045900,243.06
1791046800,236.13
1791047700,240.45
1791048600,238.7
1791049500,233.15
1791050400,230.0
1791051300,226.71
1791052200,221.65
1791053100,214.52
1791054000,221.81
1791054900,216.2
1791055800,214.02
1791056700,208.71
1791057600,211.83
1791058500,210.0
1791059400,206.41
1791060300,205.5
1791061200,204.8
1791062100,197.36
1791063000,192.85
1791063900,184.86
1791064800,205.83
1791065700,201.45
1791066600,188.81
1791067500,180.21
1791068400,191.68
1791069300,189.72
1791070200,190.8
1791071100,182.18
1791072000,192.54
1791072900,180.23
1791073800,180.1
1791074700,177.9
1791075600,183.09
1791076500,180.85
1791077400,180.25
1791078300,174.74
1791079200,175.7
1791080100,175.7
1791081000,178.67
1791081900,176.87
1791082800,176.91
1791083700,176.9
1791084600,181.87
1791085500,189.63
1791086400,179.68
1791087300,185.34
1791088200,192.05
1791089100,201.46
1791090000,200.45
1791090900,201.19
1791091800,193.93
1791092700,190.55
1791093600,200.74
1791094500,192.58
1791095400,187.44
1791096300,166.0
1791097200,190.78
1791098100,178.23
1791099000,170.09
1791099900,153.27
1791100800,162.75
1791101700,149.18
1791102600,136.24
1791103500,126.73
1791104400,127.93
1791105300,115.41
1791106200,108.02
1791107100,90.85
1791108000,87.26
1791108900,81.31
1791109800,74.08
1791110700,64.97
1791111600,60.76
1791112500,50.72
1791113400,44.47
1791114300,44.81
1791115200,42.33
1791116100,48.94
1791117000,59.77
1791117900,72.28
1791118800,65.84
1791119700,85.2
1791120600,96.46
1791121500,112.5
1791122400,109.5
1791123300,136.74
1791124200,160.26
1791125100,190.74
1791126000,164.41
1791126900,190.33
1791127800,214.99
1791128700,225.86
1791129600,213.91
1791130500,222.2
1791131400,226.39
1791132300,234.97
1791133200,232.42
1791134100,240.33
1791135000,244.9
1791135900,237.19
1791136800,234.5
1791137700,237.12
1791138600,228.22
1791139500,219.72
1791140400,222.06
1791141300,216.93
1791142200,213.99
1791143100,213.63
1791144000,214.98
1791144900,214.92
1791145800,213.99
1791146700,205.25
1791147600,212.69
1791148500,197.84
1791149400,188.14
1791150300,171.02
1791151200,161.27
1791152100,167.29
1791153000,172.81
1791153900,168.07
1791154800,167.38
1791155700,157.66
1791156600,164.2
1791157500,158.55
1791158400,161.07
1791159300,153.12
1791160200,154.33
1791161100,151.25
1791162000,150.54
1791162900,149.83
1791163800,149.81
1791164700,149.67
1791165600,151.79
1791166500,152.17
1791167400,146.6
1791168300,149.38
1791169200,151.11
1791170100,152.2
1791171000,154.08
1791171900,163.17
1791172800,171.44
1791173700,193.66
1791174600,212.02
1791175500,215.0
1791176400,206.13
1791177300,213.46
1791178200,230.0
1791179100,237.6
1791180000,260.02
1791180900,238.01
1791181800,223.58
1791182700,204.19
1791183600,221.8
1791184500,202.08
1791185400,173.89
1791186300,154.27
1791187200,169.09
1791188100,155.74
1791189000,143.4
1791189900,116.2
1791190800,131.92
1791191700,94.96
1791192600,81.85
1791193500,61.06
1791194400,85.58
1791195300,60.43
1791196200,52.11
1791197100,40.47
1791198000,10.66
1791198900,6.03
1791199800,5.1
1791200700,5.03
1791201600,12.59
1791202500,24.37
1791203400,44.4
1791204300,62.42
1791205200,42.26
1791206100,60.02
1791207000,85.35
1791207900,94.92
1791208800,74.07
1791209700,129.11
1791210600,148.43
1791211500,164.27
1791212400,152.16
1791213300,172.66
1791214200,198.46
1791215100,213.97
1791216000,197.97
1791216900,219.44
1791217800,230.99
1791218700,250.49
1791219600,243.31
1791220500,252.51
1791221400,261.43
1791222300,250.96
1791223200,251.3
1791224100,220.98
1791225000,215.0
1791225900,200.06
1791226800,212.92
1791227700,202.83
1791228600,204.62
1791229500,180.41
1791230400,205.73
1791231300,194.69
1791232200,189.23
1791233100,167.39
1791234000,192.13
1791234900,167.61
1791235800,161.71
1791236700,148.63
1791237600,160.55
1791238500,152.98
1791239400,148.16
1791240300,145.34
1791241200,150.27
1791242100,148.69
1791243000,147.89
1791243900,152.69
1791244800,155.4
1791245700,150.89
1791246600,151.51
1791247500,149.71
1791248400,151.38
1791249300,151.29
1791250200,150.78
1791251100,152.69
1791252000,150.09
1791252900,152.98
1791253800,153.69
1791254700,156.04
1791255600,145.83
1791256500,154.65
1791257400,169.33
1791258300,197.96
1791259200,191.35
1791260100,204.64
1791261000,211.38
1791261900,222.19
1791262800,222.55
1791263700,241.72
1791264600,247.77
1791265500,252.0
1791266400,286.08
1791267300,255.39
1791268200,244.68
1791269100,213.05
1791270000,259.0
1791270900,221.84
1791271800,203.06
1791272700,157.49
1791273600,198.27
1791274500,172.96
1791275400,167.04
1791276300,149.22
1791277200,153.97
1791278100,144.02
1791279000,137.84
1791279900,132.45
1791280800,132.57
1791281700,133.34
1791282600,133.67
1791283500,130.37
1791284400,129.42
1791285300,128.34
1791286200,124.33
1791287100,126.0
1791288000,130.01
1791288900,133.32
1791289800,138.08
1791290700,145.28
1791291600,144.32
1791292500,152.69
1791293400,155.0
1791294300,166.19
1791295200,155.77
1791296100,169.19
1791297000,201.39
1791297900,233.65
1791298800,194.67
1791299700,225.0
1791300600,256.04
1791301500,324.32
1791302400,276.65
1791303300,310.91
1791304200,365.04
1791305100,406.0
1791306000,404.99
1791306900,383.05
1791307800,390.36
1791308700,350.88
1791309600,343.76
1791310500,297.02
1791311400,280.42
1791312300,263.51
1791313200,274.7
1791314100,252.73
1791315000,245.85
1791315900,222.62
1791316800,231.11
1791317700,226.1
1791318600,226.15
1791319500,219.29
1791320400,217.0
1791321300,211.99
1791322200,207.78
1791323100,201.63
1791324000,209.71
1791324900,201.53
1791325800,192.24
1791326700,189.04
1791327600,190.04
1791328500,188.22
1791329400,183.05
1791330300,178.93
1791331200,180.03
1791332100,177.63
1791333000,178.47
1791333900,180.73
1791334800,177.33
1791335700,183.38
1791336600,182.0
1791337500,182.72
1791338400,183.89
1791339300,186.36
1791340200,187.31
1791341100,186.67
1791342000,181.5
1791342900,177.26
1791343800,190.17
1791344700,205.49
1791345600,213.74
1791346500,238.99
1791347400,251.49
1791348300,263.04
1791349200,277.57
1791350100,276.88
1791351000,277.41
1791351900,256.0
1791352800,280.42
1791353700,264.88
1791354600,244.02
1791355500,224.97
1791356400,259.37
1791357300,235.4
1791358200,217.78
1791359100,184.54
1791360000,212.01
1791360900,191.31
1791361800,175.47
1791362700,161.14
1791363600,171.42
1791364500,158.07
1791365400,155.18
1791366300,150.09
1791367200,140.41
1791368100,126.97
1791369000,125.69
1791369900,125.25
1791370800,122.91
1791371700,124.07
1791372600,124.43
1791373500,124.15
1791374400,126.95
1791375300,129.44
1791376200,141.09
1791377100,149.36
1791378000,143.9
1791378900,153.15
1791379800,159.69
1791380700,177.09
1791381600,157.52
1791382500,173.4
1791383400,189.15
1791384300,206.21
1791385200,196.03
1791386100,224.33
1791387000,244.05
1791387900,254.78
1791388800,240.45
1791389700,252.44
1791390600,255.33
1791391500,254.23
1791392400,254.74
1791393300,241.39
1791394200,235.25
1791395100,226.72
1791396000,224.19
1791396900,212.07
1791397800,203.64
1791398700,182.93
1791399600,193.71
1791400500,173.11
1791401400,169.74
1791402300,168.06
1791403200,179.91
1791404100,178.89
1791405000,175.63
1791405900,162.04
1791406800,158.39
1791407700,151.61
1791408600,148.09
1791409500,137.09
1791410400,178.0
1791411300,151.47
1791412200,142.27
1791413100,137.9
1791414000,141.0
1791414900,136.64
1791415800,133.34
1791416700,130.43
1791417600,128.57
1791418500,128.06
1791419400,129.15
1791420300,130.1
1791421200,130.53
1791422100,129.15
1791423000,128.3
1791423900,129.96
1791424800,130.3
1791425700,130.12
1791426600,129.87
1791427500,130.7
1791428400,130.11
1791429300,131.29
1791430200,129.11
1791431100,133.49
1791432000,131.76
1791432900,143.76
1791433800,157.05
1791434700,160.37
1791435600,178.46
1791436500,173.65
1791437400,176.93
1791438300,180.83
1791439200,204.4
1791440100,199.52
1791441000,191.29
1791441900,178.11
1791442800,190.18
1791443700,177.59
1791444600,163.09
1791445500,155.67
1791446400,161.03
1791447300,148.64
1791448200,138.84
1791449100,132.09
1791450000,137.43
1791450900,134.16
1791451800,127.65
1791452700,125.49
1791453600,120.0
1791454500,114.33
1791455400,112.29
1791456300,109.44
1791457200,115.12
1791458100,108.55
1791459000,103.58
1791459900,96.84
1791460800,103.27
1791461700,97.8
1791462600,98.9
1791463500,100.84
1791464400,95.59
1791465300,100.28
1791466200,114.65
1791467100,113.48
1791468000,104.45
1791468900,110.68
1791469800,121.78
1791470700,125.05
1791471600,113.62
1791472500,135.8
1791473400,153.05
1791474300,171.1
1791475200,152.87
1791476100,159.26
1791477000,163.31
1791477900,169.68
1791478800,171.39
1791479700,174.97
1791480600,173.59
1791481500,174.83
1791482400,162.51
1791483300,159.23
1791484200,162.56
1791485100,155.87
1791486000,152.46
1791486900,156.59
1791487800,148.24
1791488700,123.78
1791489600,135.34
1791490500,136.61
1791491400,130.51
1791492300,123.34
1791493200,127.2
1791494100,116.76
1791495000,107.11
1791495900,100.96
1791496800,107.03
1791497700,103.02
1791498600,99.97
1791499500,96.16
1791500400,90.31
1791501300,87.97
1791502200,90.31
1791503100,88.57
1791504000,86.87
1791504900,81.31
1791505800,85.08
1791506700,91.15
1791507600,86.44
1791508500,83.01
1791509400,82.85
1791510300,83.17
1791511200,82.77
1791512100,83.16
1791513000,86.29
1791513900,87.9
1791514800,89.52
1791515700,93.6
1791516600,92.86
1791517500,104.19
1791518400,109.02
1791519300,114.62
1791520200,117.14
1791521100,125.9
1791522000,137.99
1791522900,143.55
1791523800,145.63
1791524700,140.73
1791525600,166.56
1791526500,154.25
1791527400,145.69
1791528300,125.72
1791529200,134.45
1791530100,123.26
1791531000,112.57
1791531900,67.29
1791532800,117.33
1791533700,90.41
1791534600,60.08
1791535500,55.0
1791536400,46.06
1791537300,26.36
1791538200,14.49
1791539100,0.11
1791540000,13.33
1791540900,0.2
1791541800,0.08
1791542700,1.5
1791543600,8.94
1791544500,9.28
1791545400,4.69
1791546300,1.09
1791547200,0.08
1791548100,1.1
1791549000,13.3
1791549900,27.83
1791550800,29.61
1791551700,32.4
1791552600,49.62
1791553500,50.0
1791554400,51.0
1791555300,60.21
1791556200,64.87
1791557100,71.63
1791558000,78.0
1791558900,85.0
1791559800,87.77
1791560700,89.05
1791561600,97.0
1791562500,100.0
1791563400,113.17
1791564300,114.4
1791565200,120.99
1791566100,114.93
1791567000,111.41
1791567900,107.26
1791568800,102.01
1791569700,94.01
1791570600,90.31
1791571500,95.0
1791572400,96.9
1791573300,93.08
1791574200,76.67
1791575100,64.95
1791576000,81.92
1791576900,72.03
1791577800,74.43
1791578700,64.11
1791579600,56.85
1791580500,48.17
1791581400,45.44
1791582300,40.03
1791583200,10.25
1791584100,18.74
1791585000,21.35
1791585900,16.74
1791586800,14.88
1791587700,12.48
1791588600,16.96
1791589500,17.96
1791590400,14.4
1791591300,13.76
1791592200,15.29
1791593100,18.54
1791594000,15.95
1791594900,15.69
1791595800,15.71
1791596700,16.69
1791597600,17.64
1791598500,18.38
1791599400,18.38
1791600300,17.63
1791601200,14.65
1791602100,14.34
1791603000,14.44
1791603900,17.96
1791604800,18.25
1791605700,24.69
1791606600,25.81
1791607500,26.68
1791608400,43.47
1791609300,45.0
1791610200,45.0
1791611100,42.8
1791612000,54.79
1791612900,59.0
1791613800,57.59
1791614700,52.86
1791615600,54.8
1791616500,46.33
1791617400,45.0
1791618300,36.08
1791619200,34.81
1791620100,32.9
1791621000,21.17
1791621900,11.47
1791622800,16.23
1791623700,7.26
1791624600,0.51
1791625500,0.0
1791626400,2.0
1791627300,0.24
1791628200,0.01
1791629100,0.0
1791630000,0.0
1791630900,0.0
1791631800,0.0
1791632700,0.0
1791633600,0.0
1791634500,0.0
1791635400,0.0
1791636300,0.0
1791637200,-0.01
1791638100,0.0
1791639000,0.0
1791639900,0.01
1791640800,0.0
1791641700,0.08
1791642600,20.93
1791643500,36.71
1791644400,35.56
1791645300,73.1
1791646200,120.4
1791647100,138.97
1791648000,118.88
1791648900,124.87
1791649800,137.28
1791650700,174.01
1791651600,170.26
1791652500,166.93
1791653400,165.27
1791654300,168.1
1791655200,152.91
1791656100,146.51
1791657000,142.6
1791657900,137.34
1791658800,131.63
1791659700,126.37
1791660600,124.99
1791661500,119.36
1791662400,126.01
1791663300,122.04
1791664200,128.07
1791665100,132.76
1791666000,117.33
1791666900,117.4
1791667800,118.96
1791668700,114.22
1791669600,142.0
1791670500,117.7
1791671400,103.39
1791672300,97.2
1791673200,111.0
1791674100,104.87
1791675000,103.89
1791675900,96.43
1791676800,104.8
1791677700,98.85
1791678600,100.96
1791679500,98.79
1791680400,97.48
1791681300,99.53
1791682200,102.42
1791683100,100.45
1791684000,101.07
1791684900,102.39
1791685800,103.4
1791686700,103.32
1791687600,102.39
1791688500,98.77
1791689400,100.59
1791690300,102.81
1791691200,99.04
1791692100,103.01
1791693000,106.66
1791693900,113.29
1791694800,121.59
1791695700,125.99
1791696600,120.6
1791697500,125.79
1791698400,134.91
1791699300,135.17
1791700200,138.0
1791701100,133.29
1791702000,125.97
1791702900,116.51
1791703800,100.0
1791704700,83.98
1791705600,99.18
1791706500,78.6
1791707400,74.22
1791708300,52.09
1791709200,44.51
1791710100,29.93
1791711000,25.0
1791711900,32.84
1791712800,23.66
1791713700,24.77
1791714600,22.25
1791715500,17.32
1791716400,14.62
1791717300,13.78
1791718200,14.55
1791719100,18.66
1791720000,17.35
1791720900,23.58
1791721800,33.63
1791722700,46.53
1791723600,38.81
1791724500,55.83
1791725400,74.01
1791726300,98.02
1791727200,93.75
1791728100,103.5
1791729000,111.88
1791729900,142.45
1791730800,149.41
1791731700,189.74
1791732600,215.64
1791733500,231.67
1791734400,216.93
1791735300,228.39
1791736200,228.8
1791737100,238.16
1791738000,223.63
1791738900,234.01
1791739800,239.92
1791740700,241.59
1791741600,235.46
1791742500,234.03
1791743400,231.22
1791744300,215.77
1791745200,225.52
1791746100,214.99
1791747000,212.34
1791747900,205.02
1791748800,205.01
1791749700,202.13
1791750600,200.07
1791751500,188.53
1791752400,197.3
1791753300,188.01
1791754200,180.29
1791755100,164.84
